content_id,url,partner,cta_type,placement,tracking_event,utm_source,utm_campaign
cbt-07563e9b51cc,https://www.chinaboundtravel.com/posts/alipay-wechat-pay-foreigners-guide/,Airalo,SHORTCODE,article_resource_block,affiliate_impression|affiliate_click|affiliate_outbound,,
cbt-07563e9b51cc,https://www.chinaboundtravel.com/posts/alipay-wechat-pay-foreigners-guide/,Airalo,SHORTCODE,article_resource_block,affiliate_impression|affiliate_click|affiliate_outbound,,
cbt-07563e9b51cc,https://www.chinaboundtravel.com/posts/alipay-wechat-pay-foreigners-guide/,Aviasales,SHORTCODE,article_resource_block,affiliate_impression|affiliate_click|affiliate_outbound,,
cbt-07563e9b51cc,https://www.chinaboundtravel.com/posts/alipay-wechat-pay-foreigners-guide/,Aviasales,SHORTCODE,article_resource_block,affiliate_impression|affiliate_click|affiliate_outbound,,
cbt-07563e9b51cc,https://www.chinaboundtravel.com/posts/alipay-wechat-pay-foreigners-guide/,Booking,SHORTCODE,article_resource_block,affiliate_impression|affiliate_click|affiliate_outbound,,
cbt-07563e9b51cc,https://www.chinaboundtravel.com/posts/alipay-wechat-pay-foreigners-guide/,Booking,SHORTCODE,article_resource_block,affiliate_impression|affiliate_click|affiliate_outbound,,
cbt-07563e9b51cc,https://www.chinaboundtravel.com/posts/alipay-wechat-pay-foreigners-guide/,Klook,SHORTCODE,article_resource_block,affiliate_impression|affiliate_click|affiliate_outbound,,
cbt-07563e9b51cc,https://www.chinaboundtravel.com/posts/alipay-wechat-pay-foreigners-guide/,Klook,SHORTCODE,article_resource_block,affiliate_impression|affiliate_click|affiliate_outbound,,
cbt-07563e9b51cc,https://www.chinaboundtravel.com/posts/alipay-wechat-pay-foreigners-guide/,NordVPN,INLINE,inline,affiliate_click,,
cbt-07563e9b51cc,https://www.chinaboundtravel.com/posts/alipay-wechat-pay-foreigners-guide/,SafetyWing,SHORTCODE,article_resource_block,affiliate_impression|affiliate_click|affiliate_outbound,,
cbt-07563e9b51cc,https://www.chinaboundtravel.com/posts/alipay-wechat-pay-foreigners-guide/,SafetyWing,SHORTCODE,article_resource_block,affiliate_impression|affiliate_click|affiliate_outbound,,
cbt-0897b4c56074,https://www.chinaboundtravel.com/posts/food-recommendations-guide/,Airalo,SHORTCODE,article_resource_block,affiliate_impression|affiliate_click|affiliate_outbound,,
cbt-0897b4c56074,https://www.chinaboundtravel.com/posts/food-recommendations-guide/,Aviasales,SHORTCODE,article_resource_block,affiliate_impression|affiliate_click|affiliate_outbound,,
cbt-0897b4c56074,https://www.chinaboundtravel.com/posts/food-recommendations-guide/,Aviasales,SHORTCODE,article_resource_block,affiliate_impression|affiliate_click|affiliate_outbound,,
cbt-0897b4c56074,https://www.chinaboundtravel.com/posts/food-recommendations-guide/,Booking,SHORTCODE,article_resource_block,affiliate_impression|affiliate_click|affiliate_outbound,,
cbt-0897b4c56074,https://www.chinaboundtravel.com/posts/food-recommendations-guide/,Klook,SHORTCODE,article_resource_block,affiliate_impression|affiliate_click|affiliate_outbound,,
cbt-0897b4c56074,https://www.chinaboundtravel.com/posts/food-recommendations-guide/,NordVPN,INLINE,inline,affiliate_click,,
cbt-0897b4c56074,https://www.chinaboundtravel.com/posts/food-recommendations-guide/,SafetyWing,SHORTCODE,article_resource_block,affiliate_impression|affiliate_click|affiliate_outbound,,
cbt-0897b4c56074,https://www.chinaboundtravel.com/posts/food-recommendations-guide/,SafetyWing,SHORTCODE,article_resource_block,affiliate_impression|affiliate_click|affiliate_outbound,,
cbt-1005a037234b,https://www.chinaboundtravel.com/posts/a-gastronomic-adventure-in-china-a-foodies-guide-for-european-travelers/,Airalo,SHORTCODE,article_resource_block,affiliate_impression|affiliate_click|affiliate_outbound,,
cbt-1005a037234b,https://www.chinaboundtravel.com/posts/a-gastronomic-adventure-in-china-a-foodies-guide-for-european-travelers/,Airalo,SHORTCODE,article_resource_block,affiliate_impression|affiliate_click|affiliate_outbound,,
cbt-1005a037234b,https://www.chinaboundtravel.com/posts/a-gastronomic-adventure-in-china-a-foodies-guide-for-european-travelers/,Aviasales,SHORTCODE,article_resource_block,affiliate_impression|affiliate_click|affiliate_outbound,,
cbt-1005a037234b,https://www.chinaboundtravel.com/posts/a-gastronomic-adventure-in-china-a-foodies-guide-for-european-travelers/,Aviasales,SHORTCODE,article_resource_block,affiliate_impression|affiliate_click|affiliate_outbound,,
cbt-1005a037234b,https://www.chinaboundtravel.com/posts/a-gastronomic-adventure-in-china-a-foodies-guide-for-european-travelers/,Booking,SHORTCODE,article_resource_block,affiliate_impression|affiliate_click|affiliate_outbound,,
cbt-1005a037234b,https://www.chinaboundtravel.com/posts/a-gastronomic-adventure-in-china-a-foodies-guide-for-european-travelers/,Booking,SHORTCODE,article_resource_block,affiliate_impression|affiliate_click|affiliate_outbound,,
cbt-1005a037234b,https://www.chinaboundtravel.com/posts/a-gastronomic-adventure-in-china-a-foodies-guide-for-european-travelers/,Klook,SHORTCODE,article_resource_block,affiliate_impression|affiliate_click|affiliate_outbound,,
cbt-1005a037234b,https://www.chinaboundtravel.com/posts/a-gastronomic-adventure-in-china-a-foodies-guide-for-european-travelers/,Klook,SHORTCODE,article_resource_block,affiliate_impression|affiliate_click|affiliate_outbound,,
cbt-1005a037234b,https://www.chinaboundtravel.com/posts/a-gastronomic-adventure-in-china-a-foodies-guide-for-european-travelers/,NordVPN,INLINE,inline,affiliate_click,,
cbt-1005a037234b,https://www.chinaboundtravel.com/posts/a-gastronomic-adventure-in-china-a-foodies-guide-for-european-travelers/,SafetyWing,SHORTCODE,article_resource_block,affiliate_impression|affiliate_click|affiliate_outbound,,
cbt-1005a037234b,https://www.chinaboundtravel.com/posts/a-gastronomic-adventure-in-china-a-foodies-guide-for-european-travelers/,SafetyWing,SHORTCODE,article_resource_block,affiliate_impression|affiliate_click|affiliate_outbound,,
cbt-17c6738ffb32,https://www.chinaboundtravel.com/posts/china-transportation-complete-guide-trains-subways-taxis-and-more/,Aviasales,SHORTCODE,article_resource_block,affiliate_impression|affiliate_click|affiliate_outbound,,
cbt-17c6738ffb32,https://www.chinaboundtravel.com/posts/china-transportation-complete-guide-trains-subways-taxis-and-more/,Booking,SHORTCODE,article_resource_block,affiliate_impression|affiliate_click|affiliate_outbound,,
cbt-17c6738ffb32,https://www.chinaboundtravel.com/posts/china-transportation-complete-guide-trains-subways-taxis-and-more/,Klook,SHORTCODE,article_resource_block,affiliate_impression|affiliate_click|affiliate_outbound,,
cbt-17c6738ffb32,https://www.chinaboundtravel.com/posts/china-transportation-complete-guide-trains-subways-taxis-and-more/,Trip.com,INLINE,inline,affiliate_click,,
cbt-17c6738ffb32,https://www.chinaboundtravel.com/posts/china-transportation-complete-guide-trains-subways-taxis-and-more/,Trip.com,INLINE,inline,affiliate_click,,
cbt-23c31fe5b281,https://www.chinaboundtravel.com/posts/yunnan-adventure-rice-terraces-ancient-towns-and-ethnic-minorities-guide/,Aviasales,SHORTCODE,article_resource_block,affiliate_impression|affiliate_click|affiliate_outbound,,
cbt-23c31fe5b281,https://www.chinaboundtravel.com/posts/yunnan-adventure-rice-terraces-ancient-towns-and-ethnic-minorities-guide/,Booking,SHORTCODE,article_resource_block,affiliate_impression|affiliate_click|affiliate_outbound,,
cbt-23c31fe5b281,https://www.chinaboundtravel.com/posts/yunnan-adventure-rice-terraces-ancient-towns-and-ethnic-minorities-guide/,Klook,SHORTCODE,article_resource_block,affiliate_impression|affiliate_click|affiliate_outbound,,
cbt-244822dc113b,https://www.chinaboundtravel.com/posts/china-extends-144-hour-visa-free-transit-policy-to-more-countries/,Airalo,SHORTCODE,article_resource_block,affiliate_impression|affiliate_click|affiliate_outbound,,
cbt-244822dc113b,https://www.chinaboundtravel.com/posts/china-extends-144-hour-visa-free-transit-policy-to-more-countries/,Aviasales,SHORTCODE,article_resource_block,affiliate_impression|affiliate_click|affiliate_outbound,,
cbt-244822dc113b,https://www.chinaboundtravel.com/posts/china-extends-144-hour-visa-free-transit-policy-to-more-countries/,Booking,SHORTCODE,article_resource_block,affiliate_impression|affiliate_click|affiliate_outbound,,
cbt-244822dc113b,https://www.chinaboundtravel.com/posts/china-extends-144-hour-visa-free-transit-policy-to-more-countries/,Klook,SHORTCODE,article_resource_block,affiliate_impression|affiliate_click|affiliate_outbound,,
cbt-244822dc113b,https://www.chinaboundtravel.com/posts/china-extends-144-hour-visa-free-transit-policy-to-more-countries/,SafetyWing,SHORTCODE,article_resource_block,affiliate_impression|affiliate_click|affiliate_outbound,,
cbt-255af4ed003a,https://www.chinaboundtravel.com/posts/wechat-pay-for-foreigners-step-by-step-setup-and-common-mistakes-to-avoid-guide/,Airalo,SHORTCODE,article_resource_block,affiliate_impression|affiliate_click|affiliate_outbound,,
cbt-255af4ed003a,https://www.chinaboundtravel.com/posts/wechat-pay-for-foreigners-step-by-step-setup-and-common-mistakes-to-avoid-guide/,Airalo,SHORTCODE,article_resource_block,affiliate_impression|affiliate_click|affiliate_outbound,,
cbt-255af4ed003a,https://www.chinaboundtravel.com/posts/wechat-pay-for-foreigners-step-by-step-setup-and-common-mistakes-to-avoid-guide/,Aviasales,SHORTCODE,article_resource_block,affiliate_impression|affiliate_click|affiliate_outbound,,
cbt-255af4ed003a,https://www.chinaboundtravel.com/posts/wechat-pay-for-foreigners-step-by-step-setup-and-common-mistakes-to-avoid-guide/,Aviasales,SHORTCODE,article_resource_block,affiliate_impression|affiliate_click|affiliate_outbound,,
cbt-255af4ed003a,https://www.chinaboundtravel.com/posts/wechat-pay-for-foreigners-step-by-step-setup-and-common-mistakes-to-avoid-guide/,Booking,SHORTCODE,article_resource_block,affiliate_impression|affiliate_click|affiliate_outbound,,
cbt-255af4ed003a,https://www.chinaboundtravel.com/posts/wechat-pay-for-foreigners-step-by-step-setup-and-common-mistakes-to-avoid-guide/,Booking,SHORTCODE,article_resource_block,affiliate_impression|affiliate_click|affiliate_outbound,,
cbt-255af4ed003a,https://www.chinaboundtravel.com/posts/wechat-pay-for-foreigners-step-by-step-setup-and-common-mistakes-to-avoid-guide/,Klook,SHORTCODE,article_resource_block,affiliate_impression|affiliate_click|affiliate_outbound,,
cbt-255af4ed003a,https://www.chinaboundtravel.com/posts/wechat-pay-for-foreigners-step-by-step-setup-and-common-mistakes-to-avoid-guide/,Klook,SHORTCODE,article_resource_block,affiliate_impression|affiliate_click|affiliate_outbound,,
cbt-255af4ed003a,https://www.chinaboundtravel.com/posts/wechat-pay-for-foreigners-step-by-step-setup-and-common-mistakes-to-avoid-guide/,NordVPN,INLINE,inline,affiliate_click,,
cbt-255af4ed003a,https://www.chinaboundtravel.com/posts/wechat-pay-for-foreigners-step-by-step-setup-and-common-mistakes-to-avoid-guide/,SafetyWing,SHORTCODE,article_resource_block,affiliate_impression|affiliate_click|affiliate_outbound,,
cbt-255af4ed003a,https://www.chinaboundtravel.com/posts/wechat-pay-for-foreigners-step-by-step-setup-and-common-mistakes-to-avoid-guide/,SafetyWing,SHORTCODE,article_resource_block,affiliate_impression|affiliate_click|affiliate_outbound,,
cbt-277de627eb2d,https://www.chinaboundtravel.com/posts/hangzhou-west-lake-tea-culture-g20-guide/,Airalo,SHORTCODE,article_resource_block,affiliate_impression|affiliate_click|affiliate_outbound,,
cbt-277de627eb2d,https://www.chinaboundtravel.com/posts/hangzhou-west-lake-tea-culture-g20-guide/,Aviasales,SHORTCODE,article_resource_block,affiliate_impression|affiliate_click|affiliate_outbound,,
cbt-277de627eb2d,https://www.chinaboundtravel.com/posts/hangzhou-west-lake-tea-culture-g20-guide/,Booking,SHORTCODE,article_resource_block,affiliate_impression|affiliate_click|affiliate_outbound,,
cbt-277de627eb2d,https://www.chinaboundtravel.com/posts/hangzhou-west-lake-tea-culture-g20-guide/,Klook,SHORTCODE,article_resource_block,affiliate_impression|affiliate_click|affiliate_outbound,,
cbt-277de627eb2d,https://www.chinaboundtravel.com/posts/hangzhou-west-lake-tea-culture-g20-guide/,Trip.com,INLINE,inline,affiliate_click,,
cbt-302467d853db,https://www.chinaboundtravel.com/posts/shanghai-bund-french-concession-2-day-guide/,Aviasales,SHORTCODE,article_resource_block,affiliate_impression|affiliate_click|affiliate_outbound,,
cbt-302467d853db,https://www.chinaboundtravel.com/posts/shanghai-bund-french-concession-2-day-guide/,Booking,SHORTCODE,article_resource_block,affiliate_impression|affiliate_click|affiliate_outbound,,
cbt-302467d853db,https://www.chinaboundtravel.com/posts/shanghai-bund-french-concession-2-day-guide/,Klook,SHORTCODE,article_resource_block,affiliate_impression|affiliate_click|affiliate_outbound,,
cbt-302467d853db,https://www.chinaboundtravel.com/posts/shanghai-bund-french-concession-2-day-guide/,Trip.com,INLINE,inline,affiliate_click,,
cbt-34777b6c17c1,https://www.chinaboundtravel.com/posts/zhangjiajie-avatar-mountains-complete-guide-to-chinas-most-spectacular-park/,Airalo,INLINE,inline,affiliate_click,,
cbt-34777b6c17c1,https://www.chinaboundtravel.com/posts/zhangjiajie-avatar-mountains-complete-guide-to-chinas-most-spectacular-park/,Airalo,INLINE,inline,affiliate_click,,
cbt-34777b6c17c1,https://www.chinaboundtravel.com/posts/zhangjiajie-avatar-mountains-complete-guide-to-chinas-most-spectacular-park/,Airalo,SHORTCODE,article_resource_block,affiliate_impression|affiliate_click|affiliate_outbound,,
cbt-34777b6c17c1,https://www.chinaboundtravel.com/posts/zhangjiajie-avatar-mountains-complete-guide-to-chinas-most-spectacular-park/,Aviasales,SHORTCODE,article_resource_block,affiliate_impression|affiliate_click|affiliate_outbound,,
cbt-34777b6c17c1,https://www.chinaboundtravel.com/posts/zhangjiajie-avatar-mountains-complete-guide-to-chinas-most-spectacular-park/,Booking,INLINE,inline,affiliate_click,,
cbt-34777b6c17c1,https://www.chinaboundtravel.com/posts/zhangjiajie-avatar-mountains-complete-guide-to-chinas-most-spectacular-park/,Booking,SHORTCODE,article_resource_block,affiliate_impression|affiliate_click|affiliate_outbound,,
cbt-34777b6c17c1,https://www.chinaboundtravel.com/posts/zhangjiajie-avatar-mountains-complete-guide-to-chinas-most-spectacular-park/,Klook,SHORTCODE,article_resource_block,affiliate_impression|affiliate_click|affiliate_outbound,,
cbt-34777b6c17c1,https://www.chinaboundtravel.com/posts/zhangjiajie-avatar-mountains-complete-guide-to-chinas-most-spectacular-park/,NordVPN,INLINE,inline,affiliate_click,,
cbt-34777b6c17c1,https://www.chinaboundtravel.com/posts/zhangjiajie-avatar-mountains-complete-guide-to-chinas-most-spectacular-park/,NordVPN,INLINE,inline,affiliate_click,,
cbt-34777b6c17c1,https://www.chinaboundtravel.com/posts/zhangjiajie-avatar-mountains-complete-guide-to-chinas-most-spectacular-park/,SafetyWing,INLINE,inline,affiliate_click,,
cbt-34777b6c17c1,https://www.chinaboundtravel.com/posts/zhangjiajie-avatar-mountains-complete-guide-to-chinas-most-spectacular-park/,SafetyWing,INLINE,inline,affiliate_click,,
cbt-34777b6c17c1,https://www.chinaboundtravel.com/posts/zhangjiajie-avatar-mountains-complete-guide-to-chinas-most-spectacular-park/,SafetyWing,SHORTCODE,article_resource_block,affiliate_impression|affiliate_click|affiliate_outbound,,
cbt-4e09fa4aa93d,https://www.chinaboundtravel.com/posts/china-high-speed-train-survival-guide-booking-classes-and-insider-tips/,Aviasales,SHORTCODE,article_resource_block,affiliate_impression|affiliate_click|affiliate_outbound,,
cbt-4e09fa4aa93d,https://www.chinaboundtravel.com/posts/china-high-speed-train-survival-guide-booking-classes-and-insider-tips/,Booking,INLINE,inline,affiliate_click,,
cbt-4e09fa4aa93d,https://www.chinaboundtravel.com/posts/china-high-speed-train-survival-guide-booking-classes-and-insider-tips/,Booking,INLINE,inline,affiliate_click,,
cbt-4e09fa4aa93d,https://www.chinaboundtravel.com/posts/china-high-speed-train-survival-guide-booking-classes-and-insider-tips/,Klook,SHORTCODE,article_resource_block,affiliate_impression|affiliate_click|affiliate_outbound,,
cbt-52a577c1b2b8,https://www.chinaboundtravel.com/posts/navigating-chinas-transportation-a-californians-guide-for-european-travelers/,Airalo,SHORTCODE,article_resource_block,affiliate_impression|affiliate_click|affiliate_outbound,,
cbt-52a577c1b2b8,https://www.chinaboundtravel.com/posts/navigating-chinas-transportation-a-californians-guide-for-european-travelers/,Aviasales,SHORTCODE,article_resource_block,affiliate_impression|affiliate_click|affiliate_outbound,,
cbt-52a577c1b2b8,https://www.chinaboundtravel.com/posts/navigating-chinas-transportation-a-californians-guide-for-european-travelers/,Booking,SHORTCODE,article_resource_block,affiliate_impression|affiliate_click|affiliate_outbound,,
cbt-52a577c1b2b8,https://www.chinaboundtravel.com/posts/navigating-chinas-transportation-a-californians-guide-for-european-travelers/,Klook,SHORTCODE,article_resource_block,affiliate_impression|affiliate_click|affiliate_outbound,,
cbt-52a577c1b2b8,https://www.chinaboundtravel.com/posts/navigating-chinas-transportation-a-californians-guide-for-european-travelers/,SafetyWing,SHORTCODE,article_resource_block,affiliate_impression|affiliate_click|affiliate_outbound,,
cbt-5479873d6104,https://www.chinaboundtravel.com/posts/a-gastronomic-adventure-in-china-food-recommendations-for-international-travelers/,Booking,SHORTCODE,article_resource_block,affiliate_impression|affiliate_click|affiliate_outbound,,
cbt-5479873d6104,https://www.chinaboundtravel.com/posts/a-gastronomic-adventure-in-china-food-recommendations-for-international-travelers/,Klook,SHORTCODE,article_resource_block,affiliate_impression|affiliate_click|affiliate_outbound,,
cbt-5479873d6104,https://www.chinaboundtravel.com/posts/a-gastronomic-adventure-in-china-food-recommendations-for-international-travelers/,SafetyWing,SHORTCODE,article_resource_block,affiliate_impression|affiliate_click|affiliate_outbound,,
cbt-550a6e3e929c,https://www.chinaboundtravel.com/posts/sichuan-hotpot-guide-history-best-restaurants-and-cultural-significance/,Airalo,SHORTCODE,article_resource_block,affiliate_impression|affiliate_click|affiliate_outbound,,
cbt-550a6e3e929c,https://www.chinaboundtravel.com/posts/sichuan-hotpot-guide-history-best-restaurants-and-cultural-significance/,Aviasales,SHORTCODE,article_resource_block,affiliate_impression|affiliate_click|affiliate_outbound,,
cbt-550a6e3e929c,https://www.chinaboundtravel.com/posts/sichuan-hotpot-guide-history-best-restaurants-and-cultural-significance/,Aviasales,SHORTCODE,article_resource_block,affiliate_impression|affiliate_click|affiliate_outbound,,
cbt-550a6e3e929c,https://www.chinaboundtravel.com/posts/sichuan-hotpot-guide-history-best-restaurants-and-cultural-significance/,Booking,SHORTCODE,article_resource_block,affiliate_impression|affiliate_click|affiliate_outbound,,
cbt-550a6e3e929c,https://www.chinaboundtravel.com/posts/sichuan-hotpot-guide-history-best-restaurants-and-cultural-significance/,Klook,SHORTCODE,article_resource_block,affiliate_impression|affiliate_click|affiliate_outbound,,
cbt-550a6e3e929c,https://www.chinaboundtravel.com/posts/sichuan-hotpot-guide-history-best-restaurants-and-cultural-significance/,Klook,SHORTCODE,article_resource_block,affiliate_impression|affiliate_click|affiliate_outbound,,
cbt-550a6e3e929c,https://www.chinaboundtravel.com/posts/sichuan-hotpot-guide-history-best-restaurants-and-cultural-significance/,NordVPN,INLINE,inline,affiliate_click,,
cbt-550a6e3e929c,https://www.chinaboundtravel.com/posts/sichuan-hotpot-guide-history-best-restaurants-and-cultural-significance/,SafetyWing,SHORTCODE,article_resource_block,affiliate_impression|affiliate_click|affiliate_outbound,,
cbt-558f85f45e9a,https://www.chinaboundtravel.com/posts/the-history-and-culture-of-the-great-wall-beyond-the-tourist-trail-guide/,Airalo,SHORTCODE,article_resource_block,affiliate_impression|affiliate_click|affiliate_outbound,,
cbt-558f85f45e9a,https://www.chinaboundtravel.com/posts/the-history-and-culture-of-the-great-wall-beyond-the-tourist-trail-guide/,Aviasales,SHORTCODE,article_resource_block,affiliate_impression|affiliate_click|affiliate_outbound,,
cbt-558f85f45e9a,https://www.chinaboundtravel.com/posts/the-history-and-culture-of-the-great-wall-beyond-the-tourist-trail-guide/,Aviasales,SHORTCODE,article_resource_block,affiliate_impression|affiliate_click|affiliate_outbound,,
cbt-558f85f45e9a,https://www.chinaboundtravel.com/posts/the-history-and-culture-of-the-great-wall-beyond-the-tourist-trail-guide/,Booking,SHORTCODE,article_resource_block,affiliate_impression|affiliate_click|affiliate_outbound,,
cbt-558f85f45e9a,https://www.chinaboundtravel.com/posts/the-history-and-culture-of-the-great-wall-beyond-the-tourist-trail-guide/,Booking,SHORTCODE,article_resource_block,affiliate_impression|affiliate_click|affiliate_outbound,,
cbt-558f85f45e9a,https://www.chinaboundtravel.com/posts/the-history-and-culture-of-the-great-wall-beyond-the-tourist-trail-guide/,Klook,SHORTCODE,article_resource_block,affiliate_impression|affiliate_click|affiliate_outbound,,
cbt-558f85f45e9a,https://www.chinaboundtravel.com/posts/the-history-and-culture-of-the-great-wall-beyond-the-tourist-trail-guide/,Klook,SHORTCODE,article_resource_block,affiliate_impression|affiliate_click|affiliate_outbound,,
cbt-558f85f45e9a,https://www.chinaboundtravel.com/posts/the-history-and-culture-of-the-great-wall-beyond-the-tourist-trail-guide/,NordVPN,INLINE,inline,affiliate_click,,
cbt-558f85f45e9a,https://www.chinaboundtravel.com/posts/the-history-and-culture-of-the-great-wall-beyond-the-tourist-trail-guide/,SafetyWing,SHORTCODE,article_resource_block,affiliate_impression|affiliate_click|affiliate_outbound,,
cbt-558f85f45e9a,https://www.chinaboundtravel.com/posts/the-history-and-culture-of-the-great-wall-beyond-the-tourist-trail-guide/,SafetyWing,SHORTCODE,article_resource_block,affiliate_impression|affiliate_click|affiliate_outbound,,
cbt-57d0b0208d3b,https://www.chinaboundtravel.com/posts/navigating-china-with-confidence-a-californians-guide-to-travel-safety/,Aviasales,SHORTCODE,article_resource_block,affiliate_impression|affiliate_click|affiliate_outbound,,
cbt-57d0b0208d3b,https://www.chinaboundtravel.com/posts/navigating-china-with-confidence-a-californians-guide-to-travel-safety/,Booking,SHORTCODE,article_resource_block,affiliate_impression|affiliate_click|affiliate_outbound,,
cbt-57d0b0208d3b,https://www.chinaboundtravel.com/posts/navigating-china-with-confidence-a-californians-guide-to-travel-safety/,Klook,SHORTCODE,article_resource_block,affiliate_impression|affiliate_click|affiliate_outbound,,
cbt-57d0b0208d3b,https://www.chinaboundtravel.com/posts/navigating-china-with-confidence-a-californians-guide-to-travel-safety/,SafetyWing,SHORTCODE,article_resource_block,affiliate_impression|affiliate_click|affiliate_outbound,,
cbt-663ab3f3b0fa,https://www.chinaboundtravel.com/posts/shanghai-beyond-the-bund-hidden-neighborhoods-and-local-culture/,Airalo,SHORTCODE,article_resource_block,affiliate_impression|affiliate_click|affiliate_outbound,,
cbt-663ab3f3b0fa,https://www.chinaboundtravel.com/posts/shanghai-beyond-the-bund-hidden-neighborhoods-and-local-culture/,Airalo,SHORTCODE,article_resource_block,affiliate_impression|affiliate_click|affiliate_outbound,,
cbt-663ab3f3b0fa,https://www.chinaboundtravel.com/posts/shanghai-beyond-the-bund-hidden-neighborhoods-and-local-culture/,Aviasales,SHORTCODE,article_resource_block,affiliate_impression|affiliate_click|affiliate_outbound,,
cbt-663ab3f3b0fa,https://www.chinaboundtravel.com/posts/shanghai-beyond-the-bund-hidden-neighborhoods-and-local-culture/,Aviasales,SHORTCODE,article_resource_block,affiliate_impression|affiliate_click|affiliate_outbound,,
cbt-663ab3f3b0fa,https://www.chinaboundtravel.com/posts/shanghai-beyond-the-bund-hidden-neighborhoods-and-local-culture/,Booking,SHORTCODE,article_resource_block,affiliate_impression|affiliate_click|affiliate_outbound,,
cbt-663ab3f3b0fa,https://www.chinaboundtravel.com/posts/shanghai-beyond-the-bund-hidden-neighborhoods-and-local-culture/,Booking,SHORTCODE,article_resource_block,affiliate_impression|affiliate_click|affiliate_outbound,,
cbt-663ab3f3b0fa,https://www.chinaboundtravel.com/posts/shanghai-beyond-the-bund-hidden-neighborhoods-and-local-culture/,Klook,SHORTCODE,article_resource_block,affiliate_impression|affiliate_click|affiliate_outbound,,
cbt-663ab3f3b0fa,https://www.chinaboundtravel.com/posts/shanghai-beyond-the-bund-hidden-neighborhoods-and-local-culture/,Klook,SHORTCODE,article_resource_block,affiliate_impression|affiliate_click|affiliate_outbound,,
cbt-663ab3f3b0fa,https://www.chinaboundtravel.com/posts/shanghai-beyond-the-bund-hidden-neighborhoods-and-local-culture/,NordVPN,INLINE,inline,affiliate_click,,
cbt-663ab3f3b0fa,https://www.chinaboundtravel.com/posts/shanghai-beyond-the-bund-hidden-neighborhoods-and-local-culture/,SafetyWing,SHORTCODE,article_resource_block,affiliate_impression|affiliate_click|affiliate_outbound,,
cbt-663ab3f3b0fa,https://www.chinaboundtravel.com/posts/shanghai-beyond-the-bund-hidden-neighborhoods-and-local-culture/,SafetyWing,SHORTCODE,article_resource_block,affiliate_impression|affiliate_click|affiliate_outbound,,
cbt-673e981fe6f2,https://www.chinaboundtravel.com/posts/2026-05-26-is-china-safe-for-tourists-2026-honest-assessment/,Airalo,SHORTCODE,article_resource_block,affiliate_impression|affiliate_click|affiliate_outbound,,
cbt-673e981fe6f2,https://www.chinaboundtravel.com/posts/2026-05-26-is-china-safe-for-tourists-2026-honest-assessment/,Aviasales,SHORTCODE,article_resource_block,affiliate_impression|affiliate_click|affiliate_outbound,,
cbt-673e981fe6f2,https://www.chinaboundtravel.com/posts/2026-05-26-is-china-safe-for-tourists-2026-honest-assessment/,Booking,SHORTCODE,article_resource_block,affiliate_impression|affiliate_click|affiliate_outbound,,
cbt-673e981fe6f2,https://www.chinaboundtravel.com/posts/2026-05-26-is-china-safe-for-tourists-2026-honest-assessment/,Klook,SHORTCODE,article_resource_block,affiliate_impression|affiliate_click|affiliate_outbound,,
cbt-673e981fe6f2,https://www.chinaboundtravel.com/posts/2026-05-26-is-china-safe-for-tourists-2026-honest-assessment/,SafetyWing,SHORTCODE,article_resource_block,affiliate_impression|affiliate_click|affiliate_outbound,,
cbt-698862ce2129,https://www.chinaboundtravel.com/posts/chinese-tea-culture-history-types-and-tea-ceremony-guide/,Airalo,SHORTCODE,article_resource_block,affiliate_impression|affiliate_click|affiliate_outbound,,
cbt-698862ce2129,https://www.chinaboundtravel.com/posts/chinese-tea-culture-history-types-and-tea-ceremony-guide/,Aviasales,SHORTCODE,article_resource_block,affiliate_impression|affiliate_click|affiliate_outbound,,
cbt-698862ce2129,https://www.chinaboundtravel.com/posts/chinese-tea-culture-history-types-and-tea-ceremony-guide/,Booking,SHORTCODE,article_resource_block,affiliate_impression|affiliate_click|affiliate_outbound,,
cbt-698862ce2129,https://www.chinaboundtravel.com/posts/chinese-tea-culture-history-types-and-tea-ceremony-guide/,Booking,SHORTCODE,article_resource_block,affiliate_impression|affiliate_click|affiliate_outbound,,
cbt-698862ce2129,https://www.chinaboundtravel.com/posts/chinese-tea-culture-history-types-and-tea-ceremony-guide/,Klook,SHORTCODE,article_resource_block,affiliate_impression|affiliate_click|affiliate_outbound,,
cbt-698862ce2129,https://www.chinaboundtravel.com/posts/chinese-tea-culture-history-types-and-tea-ceremony-guide/,NordVPN,INLINE,inline,affiliate_click,,
cbt-698862ce2129,https://www.chinaboundtravel.com/posts/chinese-tea-culture-history-types-and-tea-ceremony-guide/,SafetyWing,SHORTCODE,article_resource_block,affiliate_impression|affiliate_click|affiliate_outbound,,
cbt-698862ce2129,https://www.chinaboundtravel.com/posts/chinese-tea-culture-history-types-and-tea-ceremony-guide/,SafetyWing,SHORTCODE,article_resource_block,affiliate_impression|affiliate_click|affiliate_outbound,,
cbt-6a164e0e8077,https://www.chinaboundtravel.com/posts/dude-wheres-my-panda-a-beijing-guys-guide-to-the-c/,Airalo,SHORTCODE,article_resource_block,affiliate_impression|affiliate_click|affiliate_outbound,,
cbt-6a164e0e8077,https://www.chinaboundtravel.com/posts/dude-wheres-my-panda-a-beijing-guys-guide-to-the-c/,Aviasales,SHORTCODE,article_resource_block,affiliate_impression|affiliate_click|affiliate_outbound,,
cbt-6a164e0e8077,https://www.chinaboundtravel.com/posts/dude-wheres-my-panda-a-beijing-guys-guide-to-the-c/,Booking,SHORTCODE,article_resource_block,affiliate_impression|affiliate_click|affiliate_outbound,,
cbt-6a164e0e8077,https://www.chinaboundtravel.com/posts/dude-wheres-my-panda-a-beijing-guys-guide-to-the-c/,Klook,SHORTCODE,article_resource_block,affiliate_impression|affiliate_click|affiliate_outbound,,
cbt-6a164e0e8077,https://www.chinaboundtravel.com/posts/dude-wheres-my-panda-a-beijing-guys-guide-to-the-c/,SafetyWing,SHORTCODE,article_resource_block,affiliate_impression|affiliate_click|affiliate_outbound,,
cbt-6f28480baea0,https://www.chinaboundtravel.com/posts/2026-05-27-how-to-survive-chinese-train-station/,Airalo,SHORTCODE,article_resource_block,affiliate_impression|affiliate_click|affiliate_outbound,,
cbt-6f28480baea0,https://www.chinaboundtravel.com/posts/2026-05-27-how-to-survive-chinese-train-station/,Aviasales,SHORTCODE,article_resource_block,affiliate_impression|affiliate_click|affiliate_outbound,,
cbt-6f28480baea0,https://www.chinaboundtravel.com/posts/2026-05-27-how-to-survive-chinese-train-station/,Klook,SHORTCODE,article_resource_block,affiliate_impression|affiliate_click|affiliate_outbound,,
cbt-707a8899c0a7,https://www.chinaboundtravel.com/posts/how-to-use-wechat-pay-as-a-foreigner/,Airalo,SHORTCODE,article_resource_block,affiliate_impression|affiliate_click|affiliate_outbound,,
cbt-707a8899c0a7,https://www.chinaboundtravel.com/posts/how-to-use-wechat-pay-as-a-foreigner/,Airalo,SHORTCODE,article_resource_block,affiliate_impression|affiliate_click|affiliate_outbound,,
cbt-707a8899c0a7,https://www.chinaboundtravel.com/posts/how-to-use-wechat-pay-as-a-foreigner/,Aviasales,SHORTCODE,article_resource_block,affiliate_impression|affiliate_click|affiliate_outbound,,
cbt-707a8899c0a7,https://www.chinaboundtravel.com/posts/how-to-use-wechat-pay-as-a-foreigner/,Klook,SHORTCODE,article_resource_block,affiliate_impression|affiliate_click|affiliate_outbound,,
cbt-73f33c49bc51,https://www.chinaboundtravel.com/posts/ultimate-guide-to-china-visa-for-tourists/,Aviasales,SHORTCODE,article_resource_block,affiliate_impression|affiliate_click|affiliate_outbound,,
cbt-73f33c49bc51,https://www.chinaboundtravel.com/posts/ultimate-guide-to-china-visa-for-tourists/,Booking,SHORTCODE,article_resource_block,affiliate_impression|affiliate_click|affiliate_outbound,,
cbt-73f33c49bc51,https://www.chinaboundtravel.com/posts/ultimate-guide-to-china-visa-for-tourists/,Klook,SHORTCODE,article_resource_block,affiliate_impression|affiliate_click|affiliate_outbound,,
cbt-73f33c49bc51,https://www.chinaboundtravel.com/posts/ultimate-guide-to-china-visa-for-tourists/,SafetyWing,SHORTCODE,article_resource_block,affiliate_impression|affiliate_click|affiliate_outbound,,
cbt-7996811c1d23,https://www.chinaboundtravel.com/posts/is-china-safe-for-tourists-2026-honest-safety-assessment/,Airalo,SHORTCODE,article_resource_block,affiliate_impression|affiliate_click|affiliate_outbound,,
cbt-7996811c1d23,https://www.chinaboundtravel.com/posts/is-china-safe-for-tourists-2026-honest-safety-assessment/,Aviasales,SHORTCODE,article_resource_block,affiliate_impression|affiliate_click|affiliate_outbound,,
cbt-7996811c1d23,https://www.chinaboundtravel.com/posts/is-china-safe-for-tourists-2026-honest-safety-assessment/,Booking,SHORTCODE,article_resource_block,affiliate_impression|affiliate_click|affiliate_outbound,,
cbt-7996811c1d23,https://www.chinaboundtravel.com/posts/is-china-safe-for-tourists-2026-honest-safety-assessment/,Klook,SHORTCODE,article_resource_block,affiliate_impression|affiliate_click|affiliate_outbound,,
cbt-7996811c1d23,https://www.chinaboundtravel.com/posts/is-china-safe-for-tourists-2026-honest-safety-assessment/,SafetyWing,SHORTCODE,article_resource_block,affiliate_impression|affiliate_click|affiliate_outbound,,
cbt-80ac63165adb,https://www.chinaboundtravel.com/posts/chinabound-travel-guide-2026-08-monthly-update/,Airalo,SHORTCODE,article_resource_block,affiliate_impression|affiliate_click|affiliate_outbound,,
cbt-80ac63165adb,https://www.chinaboundtravel.com/posts/chinabound-travel-guide-2026-08-monthly-update/,Aviasales,SHORTCODE,article_resource_block,affiliate_impression|affiliate_click|affiliate_outbound,,
cbt-80ac63165adb,https://www.chinaboundtravel.com/posts/chinabound-travel-guide-2026-08-monthly-update/,Booking,SHORTCODE,article_resource_block,affiliate_impression|affiliate_click|affiliate_outbound,,
cbt-80ac63165adb,https://www.chinaboundtravel.com/posts/chinabound-travel-guide-2026-08-monthly-update/,Klook,SHORTCODE,article_resource_block,affiliate_impression|affiliate_click|affiliate_outbound,,
cbt-80ac63165adb,https://www.chinaboundtravel.com/posts/chinabound-travel-guide-2026-08-monthly-update/,NordVPN,INLINE,inline,affiliate_click,,
cbt-80ac63165adb,https://www.chinaboundtravel.com/posts/chinabound-travel-guide-2026-08-monthly-update/,SafetyWing,SHORTCODE,article_resource_block,affiliate_impression|affiliate_click|affiliate_outbound,,
cbt-80f6c218ad94,https://www.chinaboundtravel.com/posts/western-sichuan-overland-camping-route/,Airalo,SHORTCODE,article_resource_block,affiliate_impression|affiliate_click|affiliate_outbound,,
cbt-80f6c218ad94,https://www.chinaboundtravel.com/posts/western-sichuan-overland-camping-route/,Aviasales,SHORTCODE,article_resource_block,affiliate_impression|affiliate_click|affiliate_outbound,,
cbt-80f6c218ad94,https://www.chinaboundtravel.com/posts/western-sichuan-overland-camping-route/,Booking,SHORTCODE,article_resource_block,affiliate_impression|affiliate_click|affiliate_outbound,,
cbt-80f6c218ad94,https://www.chinaboundtravel.com/posts/western-sichuan-overland-camping-route/,Klook,SHORTCODE,article_resource_block,affiliate_impression|affiliate_click|affiliate_outbound,,
cbt-80f6c218ad94,https://www.chinaboundtravel.com/posts/western-sichuan-overland-camping-route/,SafetyWing,SHORTCODE,article_resource_block,affiliate_impression|affiliate_click|affiliate_outbound,,
cbt-92448be1e0ca,https://www.chinaboundtravel.com/posts/china-remote-work-guide-a-californians-5-year-chengdu-experience/,Airalo,SHORTCODE,article_resource_block,affiliate_impression|affiliate_click|affiliate_outbound,,
cbt-92448be1e0ca,https://www.chinaboundtravel.com/posts/china-remote-work-guide-a-californians-5-year-chengdu-experience/,Aviasales,SHORTCODE,article_resource_block,affiliate_impression|affiliate_click|affiliate_outbound,,
cbt-92448be1e0ca,https://www.chinaboundtravel.com/posts/china-remote-work-guide-a-californians-5-year-chengdu-experience/,Booking,SHORTCODE,article_resource_block,affiliate_impression|affiliate_click|affiliate_outbound,,
cbt-92448be1e0ca,https://www.chinaboundtravel.com/posts/china-remote-work-guide-a-californians-5-year-chengdu-experience/,Klook,SHORTCODE,article_resource_block,affiliate_impression|affiliate_click|affiliate_outbound,,
cbt-92448be1e0ca,https://www.chinaboundtravel.com/posts/china-remote-work-guide-a-californians-5-year-chengdu-experience/,Klook,SHORTCODE,article_resource_block,affiliate_impression|affiliate_click|affiliate_outbound,,
cbt-92448be1e0ca,https://www.chinaboundtravel.com/posts/china-remote-work-guide-a-californians-5-year-chengdu-experience/,NordVPN,INLINE,inline,affiliate_click,,
cbt-92448be1e0ca,https://www.chinaboundtravel.com/posts/china-remote-work-guide-a-californians-5-year-chengdu-experience/,SafetyWing,SHORTCODE,article_resource_block,affiliate_impression|affiliate_click|affiliate_outbound,,
cbt-95d9a1b95440,https://www.chinaboundtravel.com/posts/chinabound-travel-guide-2026-07-monthly-update/,Booking,SHORTCODE,article_resource_block,affiliate_impression|affiliate_click|affiliate_outbound,,
cbt-95d9a1b95440,https://www.chinaboundtravel.com/posts/chinabound-travel-guide-2026-07-monthly-update/,Klook,SHORTCODE,article_resource_block,affiliate_impression|affiliate_click|affiliate_outbound,,
cbt-95d9a1b95440,https://www.chinaboundtravel.com/posts/chinabound-travel-guide-2026-07-monthly-update/,SafetyWing,SHORTCODE,article_resource_block,affiliate_impression|affiliate_click|affiliate_outbound,,
cbt-9e2f5ffa1b6d,https://www.chinaboundtravel.com/posts/navigating-chinas-accommodation-maze-a-californians-guide-for-aussie-and-kiwi-travelers/,Booking,SHORTCODE,article_resource_block,affiliate_impression|affiliate_click|affiliate_outbound,,
cbt-9e2f5ffa1b6d,https://www.chinaboundtravel.com/posts/navigating-chinas-accommodation-maze-a-californians-guide-for-aussie-and-kiwi-travelers/,Klook,SHORTCODE,article_resource_block,affiliate_impression|affiliate_click|affiliate_outbound,,
cbt-9e2f5ffa1b6d,https://www.chinaboundtravel.com/posts/navigating-chinas-accommodation-maze-a-californians-guide-for-aussie-and-kiwi-travelers/,SafetyWing,SHORTCODE,article_resource_block,affiliate_impression|affiliate_click|affiliate_outbound,,
cbt-a349eee78670,https://www.chinaboundtravel.com/posts/internet-connection-china-esim-vpn-guide/,Airalo,SHORTCODE,article_resource_block,affiliate_impression|affiliate_click|affiliate_outbound,,
cbt-a349eee78670,https://www.chinaboundtravel.com/posts/internet-connection-china-esim-vpn-guide/,Aviasales,SHORTCODE,article_resource_block,affiliate_impression|affiliate_click|affiliate_outbound,,
cbt-a349eee78670,https://www.chinaboundtravel.com/posts/internet-connection-china-esim-vpn-guide/,Booking,SHORTCODE,article_resource_block,affiliate_impression|affiliate_click|affiliate_outbound,,
cbt-a349eee78670,https://www.chinaboundtravel.com/posts/internet-connection-china-esim-vpn-guide/,Klook,SHORTCODE,article_resource_block,affiliate_impression|affiliate_click|affiliate_outbound,,
cbt-a349eee78670,https://www.chinaboundtravel.com/posts/internet-connection-china-esim-vpn-guide/,SafetyWing,SHORTCODE,article_resource_block,affiliate_impression|affiliate_click|affiliate_outbound,,
cbt-abb64a856c29,https://www.chinaboundtravel.com/posts/paypal-alipay-wechat-pay-qr-code-support/,Airalo,SHORTCODE,article_resource_block,affiliate_impression|affiliate_click|affiliate_outbound,,
cbt-abb64a856c29,https://www.chinaboundtravel.com/posts/paypal-alipay-wechat-pay-qr-code-support/,Aviasales,SHORTCODE,article_resource_block,affiliate_impression|affiliate_click|affiliate_outbound,,
cbt-abb64a856c29,https://www.chinaboundtravel.com/posts/paypal-alipay-wechat-pay-qr-code-support/,Booking,SHORTCODE,article_resource_block,affiliate_impression|affiliate_click|affiliate_outbound,,
cbt-abb64a856c29,https://www.chinaboundtravel.com/posts/paypal-alipay-wechat-pay-qr-code-support/,Klook,SHORTCODE,article_resource_block,affiliate_impression|affiliate_click|affiliate_outbound,,
cbt-ae69cb9f84b0,https://www.chinaboundtravel.com/posts/how-to-use-alipay-as-a-foreigner-complete-setup-guide-2026/,Airalo,SHORTCODE,article_resource_block,affiliate_impression|affiliate_click|affiliate_outbound,,
cbt-ae69cb9f84b0,https://www.chinaboundtravel.com/posts/how-to-use-alipay-as-a-foreigner-complete-setup-guide-2026/,Airalo,SHORTCODE,article_resource_block,affiliate_impression|affiliate_click|affiliate_outbound,,
cbt-ae69cb9f84b0,https://www.chinaboundtravel.com/posts/how-to-use-alipay-as-a-foreigner-complete-setup-guide-2026/,Aviasales,SHORTCODE,article_resource_block,affiliate_impression|affiliate_click|affiliate_outbound,,
cbt-ae69cb9f84b0,https://www.chinaboundtravel.com/posts/how-to-use-alipay-as-a-foreigner-complete-setup-guide-2026/,Aviasales,SHORTCODE,article_resource_block,affiliate_impression|affiliate_click|affiliate_outbound,,
cbt-ae69cb9f84b0,https://www.chinaboundtravel.com/posts/how-to-use-alipay-as-a-foreigner-complete-setup-guide-2026/,Booking,SHORTCODE,article_resource_block,affiliate_impression|affiliate_click|affiliate_outbound,,
cbt-ae69cb9f84b0,https://www.chinaboundtravel.com/posts/how-to-use-alipay-as-a-foreigner-complete-setup-guide-2026/,Booking,SHORTCODE,article_resource_block,affiliate_impression|affiliate_click|affiliate_outbound,,
cbt-ae69cb9f84b0,https://www.chinaboundtravel.com/posts/how-to-use-alipay-as-a-foreigner-complete-setup-guide-2026/,Klook,SHORTCODE,article_resource_block,affiliate_impression|affiliate_click|affiliate_outbound,,
cbt-ae69cb9f84b0,https://www.chinaboundtravel.com/posts/how-to-use-alipay-as-a-foreigner-complete-setup-guide-2026/,Klook,SHORTCODE,article_resource_block,affiliate_impression|affiliate_click|affiliate_outbound,,
cbt-ae69cb9f84b0,https://www.chinaboundtravel.com/posts/how-to-use-alipay-as-a-foreigner-complete-setup-guide-2026/,NordVPN,INLINE,inline,affiliate_click,,
cbt-ae69cb9f84b0,https://www.chinaboundtravel.com/posts/how-to-use-alipay-as-a-foreigner-complete-setup-guide-2026/,SafetyWing,SHORTCODE,article_resource_block,affiliate_impression|affiliate_click|affiliate_outbound,,
cbt-b4ff4381a014,https://www.chinaboundtravel.com/posts/144-hour-visa-free-transit-guide/,Aviasales,SHORTCODE,article_resource_block,affiliate_impression|affiliate_click|affiliate_outbound,,
cbt-b4ff4381a014,https://www.chinaboundtravel.com/posts/144-hour-visa-free-transit-guide/,Booking,MID_CTA,visa_cta_mid_content,affiliate_impression|affiliate_click|affiliate_outbound,,
cbt-b4ff4381a014,https://www.chinaboundtravel.com/posts/144-hour-visa-free-transit-guide/,Booking,SHORTCODE,article_resource_block,affiliate_impression|affiliate_click|affiliate_outbound,,
cbt-b4ff4381a014,https://www.chinaboundtravel.com/posts/144-hour-visa-free-transit-guide/,Klook,SHORTCODE,article_resource_block,affiliate_impression|affiliate_click|affiliate_outbound,,
cbt-b4ff4381a014,https://www.chinaboundtravel.com/posts/144-hour-visa-free-transit-guide/,SafetyWing,SHORTCODE,article_resource_block,affiliate_impression|affiliate_click|affiliate_outbound,,
cbt-baa2f6fba2f0,https://www.chinaboundtravel.com/posts/accommodation-tips-guide/,Airalo,SHORTCODE,article_resource_block,affiliate_impression|affiliate_click|affiliate_outbound,,
cbt-baa2f6fba2f0,https://www.chinaboundtravel.com/posts/accommodation-tips-guide/,Aviasales,SHORTCODE,article_resource_block,affiliate_impression|affiliate_click|affiliate_outbound,,
cbt-baa2f6fba2f0,https://www.chinaboundtravel.com/posts/accommodation-tips-guide/,Booking,SHORTCODE,article_resource_block,affiliate_impression|affiliate_click|affiliate_outbound,,
cbt-baa2f6fba2f0,https://www.chinaboundtravel.com/posts/accommodation-tips-guide/,Booking,SHORTCODE,article_resource_block,affiliate_impression|affiliate_click|affiliate_outbound,,
cbt-baa2f6fba2f0,https://www.chinaboundtravel.com/posts/accommodation-tips-guide/,Klook,SHORTCODE,article_resource_block,affiliate_impression|affiliate_click|affiliate_outbound,,
cbt-baa2f6fba2f0,https://www.chinaboundtravel.com/posts/accommodation-tips-guide/,NordVPN,INLINE,inline,affiliate_click,,
cbt-baa2f6fba2f0,https://www.chinaboundtravel.com/posts/accommodation-tips-guide/,SafetyWing,SHORTCODE,article_resource_block,affiliate_impression|affiliate_click|affiliate_outbound,,
cbt-bf4ec5e57a07,https://www.chinaboundtravel.com/posts/guilin-and-yangshuo-the-ultimate-karst-landscape-guide-for-2026/,Airalo,SHORTCODE,article_resource_block,affiliate_impression|affiliate_click|affiliate_outbound,,
cbt-bf4ec5e57a07,https://www.chinaboundtravel.com/posts/guilin-and-yangshuo-the-ultimate-karst-landscape-guide-for-2026/,Aviasales,SHORTCODE,article_resource_block,affiliate_impression|affiliate_click|affiliate_outbound,,
cbt-bf4ec5e57a07,https://www.chinaboundtravel.com/posts/guilin-and-yangshuo-the-ultimate-karst-landscape-guide-for-2026/,Booking,SHORTCODE,article_resource_block,affiliate_impression|affiliate_click|affiliate_outbound,,
cbt-bf4ec5e57a07,https://www.chinaboundtravel.com/posts/guilin-and-yangshuo-the-ultimate-karst-landscape-guide-for-2026/,Klook,SHORTCODE,article_resource_block,affiliate_impression|affiliate_click|affiliate_outbound,,
cbt-bfeaa5ca9007,https://www.chinaboundtravel.com/posts/china-photography-guide-capturing-the-wonders-of-the-middle-kingdom/,Airalo,SHORTCODE,article_resource_block,affiliate_impression|affiliate_click|affiliate_outbound,,
cbt-bfeaa5ca9007,https://www.chinaboundtravel.com/posts/china-photography-guide-capturing-the-wonders-of-the-middle-kingdom/,Aviasales,SHORTCODE,article_resource_block,affiliate_impression|affiliate_click|affiliate_outbound,,
cbt-bfeaa5ca9007,https://www.chinaboundtravel.com/posts/china-photography-guide-capturing-the-wonders-of-the-middle-kingdom/,Booking,SHORTCODE,article_resource_block,affiliate_impression|affiliate_click|affiliate_outbound,,
cbt-bfeaa5ca9007,https://www.chinaboundtravel.com/posts/china-photography-guide-capturing-the-wonders-of-the-middle-kingdom/,Klook,SHORTCODE,article_resource_block,affiliate_impression|affiliate_click|affiliate_outbound,,
cbt-bfeaa5ca9007,https://www.chinaboundtravel.com/posts/china-photography-guide-capturing-the-wonders-of-the-middle-kingdom/,NordVPN,INLINE,inline,affiliate_click,,
cbt-bfeaa5ca9007,https://www.chinaboundtravel.com/posts/china-photography-guide-capturing-the-wonders-of-the-middle-kingdom/,SafetyWing,SHORTCODE,article_resource_block,affiliate_impression|affiliate_click|affiliate_outbound,,
cbt-c59607760fee,https://www.chinaboundtravel.com/posts/chinese-street-food-a-first-timers-guide-to-night-markets-and-street-stalls/,Airalo,SHORTCODE,article_resource_block,affiliate_impression|affiliate_click|affiliate_outbound,,
cbt-c59607760fee,https://www.chinaboundtravel.com/posts/chinese-street-food-a-first-timers-guide-to-night-markets-and-street-stalls/,Klook,SHORTCODE,article_resource_block,affiliate_impression|affiliate_click|affiliate_outbound,,
cbt-c885da2cf5d9,https://www.chinaboundtravel.com/posts/7-day-china-itinerary-beijing-xian-shanghai-first-timers/,Airalo,INLINE,inline,affiliate_click,,
cbt-c885da2cf5d9,https://www.chinaboundtravel.com/posts/7-day-china-itinerary-beijing-xian-shanghai-first-timers/,Airalo,SHORTCODE,article_resource_block,affiliate_impression|affiliate_click|affiliate_outbound,,
cbt-c885da2cf5d9,https://www.chinaboundtravel.com/posts/7-day-china-itinerary-beijing-xian-shanghai-first-timers/,Aviasales,SHORTCODE,article_resource_block,affiliate_impression|affiliate_click|affiliate_outbound,,
cbt-c885da2cf5d9,https://www.chinaboundtravel.com/posts/7-day-china-itinerary-beijing-xian-shanghai-first-timers/,Booking,SHORTCODE,article_resource_block,affiliate_impression|affiliate_click|affiliate_outbound,,
cbt-c885da2cf5d9,https://www.chinaboundtravel.com/posts/7-day-china-itinerary-beijing-xian-shanghai-first-timers/,Klook,SHORTCODE,article_resource_block,affiliate_impression|affiliate_click|affiliate_outbound,,
cbt-cc4549872c92,https://www.chinaboundtravel.com/posts/china-high-speed-rail-how-to-book-tickets/,Airalo,SHORTCODE,article_resource_block,affiliate_impression|affiliate_click|affiliate_outbound,,
cbt-cc4549872c92,https://www.chinaboundtravel.com/posts/china-high-speed-rail-how-to-book-tickets/,Aviasales,SHORTCODE,article_resource_block,affiliate_impression|affiliate_click|affiliate_outbound,,
cbt-cc4549872c92,https://www.chinaboundtravel.com/posts/china-high-speed-rail-how-to-book-tickets/,Klook,SHORTCODE,article_resource_block,affiliate_impression|affiliate_click|affiliate_outbound,,
cbt-cc4549872c92,https://www.chinaboundtravel.com/posts/china-high-speed-rail-how-to-book-tickets/,SafetyWing,SHORTCODE,article_resource_block,affiliate_impression|affiliate_click|affiliate_outbound,,
cbt-cc4549872c92,https://www.chinaboundtravel.com/posts/china-high-speed-rail-how-to-book-tickets/,Trip.com,INLINE,inline,affiliate_click,,
cbt-cfd5d7b39f09,https://www.chinaboundtravel.com/posts/chinese-language-survival-phrases-guide/,Airalo,SHORTCODE,article_resource_block,affiliate_impression|affiliate_click|affiliate_outbound,,
cbt-cfd5d7b39f09,https://www.chinaboundtravel.com/posts/chinese-language-survival-phrases-guide/,Aviasales,SHORTCODE,article_resource_block,affiliate_impression|affiliate_click|affiliate_outbound,,
cbt-cfd5d7b39f09,https://www.chinaboundtravel.com/posts/chinese-language-survival-phrases-guide/,Booking,SHORTCODE,article_resource_block,affiliate_impression|affiliate_click|affiliate_outbound,,
cbt-cfd5d7b39f09,https://www.chinaboundtravel.com/posts/chinese-language-survival-phrases-guide/,Klook,SHORTCODE,article_resource_block,affiliate_impression|affiliate_click|affiliate_outbound,,
cbt-cfd5d7b39f09,https://www.chinaboundtravel.com/posts/chinese-language-survival-phrases-guide/,NordVPN,INLINE,inline,affiliate_click,,
cbt-cfd5d7b39f09,https://www.chinaboundtravel.com/posts/chinese-language-survival-phrases-guide/,SafetyWing,SHORTCODE,article_resource_block,affiliate_impression|affiliate_click|affiliate_outbound,,
cbt-d701fb08eb7b,https://www.chinaboundtravel.com/posts/best-travel-insurance-china/,Airalo,SHORTCODE,article_resource_block,affiliate_impression|affiliate_click|affiliate_outbound,,
cbt-d701fb08eb7b,https://www.chinaboundtravel.com/posts/best-travel-insurance-china/,Allianz,AB_CTA,ab_cta_default,affiliate_click,,
cbt-d701fb08eb7b,https://www.chinaboundtravel.com/posts/best-travel-insurance-china/,Allianz,AB_CTA,ab_cta_default,affiliate_click,,
cbt-d701fb08eb7b,https://www.chinaboundtravel.com/posts/best-travel-insurance-china/,Allianz,INLINE,inline,affiliate_click,,
cbt-d701fb08eb7b,https://www.chinaboundtravel.com/posts/best-travel-insurance-china/,Aviasales,SHORTCODE,article_resource_block,affiliate_impression|affiliate_click|affiliate_outbound,,
cbt-d701fb08eb7b,https://www.chinaboundtravel.com/posts/best-travel-insurance-china/,Klook,SHORTCODE,article_resource_block,affiliate_impression|affiliate_click|affiliate_outbound,,
cbt-d701fb08eb7b,https://www.chinaboundtravel.com/posts/best-travel-insurance-china/,SafetyWing,AB_CTA,ab_cta_default,affiliate_click,,
cbt-d701fb08eb7b,https://www.chinaboundtravel.com/posts/best-travel-insurance-china/,SafetyWing,AB_CTA,ab_cta_default,affiliate_click,,
cbt-d701fb08eb7b,https://www.chinaboundtravel.com/posts/best-travel-insurance-china/,SafetyWing,AB_CTA,ab_cta_default,affiliate_click,,
cbt-d701fb08eb7b,https://www.chinaboundtravel.com/posts/best-travel-insurance-china/,SafetyWing,INLINE,inline,affiliate_click,,
cbt-d701fb08eb7b,https://www.chinaboundtravel.com/posts/best-travel-insurance-china/,SafetyWing,SHORTCODE,article_resource_block,affiliate_impression|affiliate_click|affiliate_outbound,,
cbt-d701fb08eb7b,https://www.chinaboundtravel.com/posts/best-travel-insurance-china/,World Nomads,AB_CTA,ab_cta_default,affiliate_click,,
cbt-d701fb08eb7b,https://www.chinaboundtravel.com/posts/best-travel-insurance-china/,World Nomads,AB_CTA,ab_cta_default,affiliate_click,,
cbt-d701fb08eb7b,https://www.chinaboundtravel.com/posts/best-travel-insurance-china/,World Nomads,INLINE,inline,affiliate_click,,
cbt-d7747b73c978,https://www.chinaboundtravel.com/posts/xian-terracotta-army-history-discovery-and-insider-tips/,Airalo,SHORTCODE,article_resource_block,affiliate_impression|affiliate_click|affiliate_outbound,,
cbt-d7747b73c978,https://www.chinaboundtravel.com/posts/xian-terracotta-army-history-discovery-and-insider-tips/,Airalo,SHORTCODE,article_resource_block,affiliate_impression|affiliate_click|affiliate_outbound,,
cbt-d7747b73c978,https://www.chinaboundtravel.com/posts/xian-terracotta-army-history-discovery-and-insider-tips/,Aviasales,SHORTCODE,article_resource_block,affiliate_impression|affiliate_click|affiliate_outbound,,
cbt-d7747b73c978,https://www.chinaboundtravel.com/posts/xian-terracotta-army-history-discovery-and-insider-tips/,Aviasales,SHORTCODE,article_resource_block,affiliate_impression|affiliate_click|affiliate_outbound,,
cbt-d7747b73c978,https://www.chinaboundtravel.com/posts/xian-terracotta-army-history-discovery-and-insider-tips/,Booking,SHORTCODE,article_resource_block,affiliate_impression|affiliate_click|affiliate_outbound,,
cbt-d7747b73c978,https://www.chinaboundtravel.com/posts/xian-terracotta-army-history-discovery-and-insider-tips/,Booking,SHORTCODE,article_resource_block,affiliate_impression|affiliate_click|affiliate_outbound,,
cbt-d7747b73c978,https://www.chinaboundtravel.com/posts/xian-terracotta-army-history-discovery-and-insider-tips/,Klook,SHORTCODE,article_resource_block,affiliate_impression|affiliate_click|affiliate_outbound,,
cbt-d7747b73c978,https://www.chinaboundtravel.com/posts/xian-terracotta-army-history-discovery-and-insider-tips/,Klook,SHORTCODE,article_resource_block,affiliate_impression|affiliate_click|affiliate_outbound,,
cbt-d7747b73c978,https://www.chinaboundtravel.com/posts/xian-terracotta-army-history-discovery-and-insider-tips/,NordVPN,INLINE,inline,affiliate_click,,
cbt-d7747b73c978,https://www.chinaboundtravel.com/posts/xian-terracotta-army-history-discovery-and-insider-tips/,SafetyWing,SHORTCODE,article_resource_block,affiliate_impression|affiliate_click|affiliate_outbound,,
cbt-d7747b73c978,https://www.chinaboundtravel.com/posts/xian-terracotta-army-history-discovery-and-insider-tips/,SafetyWing,SHORTCODE,article_resource_block,affiliate_impression|affiliate_click|affiliate_outbound,,
cbt-de065751769e,https://www.chinaboundtravel.com/posts/transportation-guide/,Airalo,SHORTCODE,article_resource_block,affiliate_impression|affiliate_click|affiliate_outbound,,
cbt-de065751769e,https://www.chinaboundtravel.com/posts/transportation-guide/,Aviasales,SHORTCODE,article_resource_block,affiliate_impression|affiliate_click|affiliate_outbound,,
cbt-de065751769e,https://www.chinaboundtravel.com/posts/transportation-guide/,Booking,SHORTCODE,article_resource_block,affiliate_impression|affiliate_click|affiliate_outbound,,
cbt-de065751769e,https://www.chinaboundtravel.com/posts/transportation-guide/,Klook,SHORTCODE,article_resource_block,affiliate_impression|affiliate_click|affiliate_outbound,,
cbt-de065751769e,https://www.chinaboundtravel.com/posts/transportation-guide/,SafetyWing,SHORTCODE,article_resource_block,affiliate_impression|affiliate_click|affiliate_outbound,,
cbt-dfe3904705ea,https://www.chinaboundtravel.com/posts/travel-safety-guide/,Airalo,SHORTCODE,article_resource_block,affiliate_impression|affiliate_click|affiliate_outbound,,
cbt-dfe3904705ea,https://www.chinaboundtravel.com/posts/travel-safety-guide/,Aviasales,SHORTCODE,article_resource_block,affiliate_impression|affiliate_click|affiliate_outbound,,
cbt-dfe3904705ea,https://www.chinaboundtravel.com/posts/travel-safety-guide/,Booking,SHORTCODE,article_resource_block,affiliate_impression|affiliate_click|affiliate_outbound,,
cbt-dfe3904705ea,https://www.chinaboundtravel.com/posts/travel-safety-guide/,Klook,SHORTCODE,article_resource_block,affiliate_impression|affiliate_click|affiliate_outbound,,
cbt-dfe3904705ea,https://www.chinaboundtravel.com/posts/travel-safety-guide/,SafetyWing,SHORTCODE,article_resource_block,affiliate_impression|affiliate_click|affiliate_outbound,,
cbt-e464169c4991,https://www.chinaboundtravel.com/posts/chinese-food-delivery-meituan-eleme-guide/,Airalo,SHORTCODE,article_resource_block,affiliate_impression|affiliate_click|affiliate_outbound,,
cbt-e464169c4991,https://www.chinaboundtravel.com/posts/chinese-food-delivery-meituan-eleme-guide/,Aviasales,SHORTCODE,article_resource_block,affiliate_impression|affiliate_click|affiliate_outbound,,
cbt-e464169c4991,https://www.chinaboundtravel.com/posts/chinese-food-delivery-meituan-eleme-guide/,Booking,MID_CTA,food-delivery-mid-content,affiliate_impression|affiliate_click|affiliate_outbound,,
cbt-e464169c4991,https://www.chinaboundtravel.com/posts/chinese-food-delivery-meituan-eleme-guide/,Booking,SHORTCODE,article_resource_block,affiliate_impression|affiliate_click|affiliate_outbound,,
cbt-e464169c4991,https://www.chinaboundtravel.com/posts/chinese-food-delivery-meituan-eleme-guide/,Klook,SHORTCODE,article_resource_block,affiliate_impression|affiliate_click|affiliate_outbound,,
