content_id,title,url,partner,placement,link_count
cbt-02a3e0d6ed4f,China Airport Transfer Guide (2026): From Airports to City Centers,https://www.chinaboundtravel.com/posts/china-airport-transfer-guide/,Airalo,INLINE,1
cbt-02a3e0d6ed4f,China Airport Transfer Guide (2026): From Airports to City Centers,https://www.chinaboundtravel.com/posts/china-airport-transfer-guide/,Booking,INLINE,1
cbt-02a3e0d6ed4f,China Airport Transfer Guide (2026): From Airports to City Centers,https://www.chinaboundtravel.com/posts/china-airport-transfer-guide/,Klook,INLINE,1
cbt-02a3e0d6ed4f,China Airport Transfer Guide (2026): From Airports to City Centers,https://www.chinaboundtravel.com/posts/china-airport-transfer-guide/,Trip.com,INLINE,1
cbt-07563e9b51cc,How to Use Alipay & WeChat Pay in China (2026),https://www.chinaboundtravel.com/posts/alipay-wechat-pay-foreigners-guide/,Airalo,INLINE,2
cbt-07563e9b51cc,How to Use Alipay & WeChat Pay in China (2026),https://www.chinaboundtravel.com/posts/alipay-wechat-pay-foreigners-guide/,Aviasales,INLINE,2
cbt-07563e9b51cc,How to Use Alipay & WeChat Pay in China (2026),https://www.chinaboundtravel.com/posts/alipay-wechat-pay-foreigners-guide/,Booking,INLINE,2
cbt-07563e9b51cc,How to Use Alipay & WeChat Pay in China (2026),https://www.chinaboundtravel.com/posts/alipay-wechat-pay-foreigners-guide/,Klook,INLINE,2
cbt-07563e9b51cc,How to Use Alipay & WeChat Pay in China (2026),https://www.chinaboundtravel.com/posts/alipay-wechat-pay-foreigners-guide/,NordVPN,INLINE,1
cbt-07563e9b51cc,How to Use Alipay & WeChat Pay in China (2026),https://www.chinaboundtravel.com/posts/alipay-wechat-pay-foreigners-guide/,SafetyWing,INLINE,2
cbt-1005a037234b,China Food Guide for European Travelers,https://www.chinaboundtravel.com/posts/food-recommendations-guide/,Airalo,INLINE,2
cbt-1005a037234b,China Food Guide for European Travelers,https://www.chinaboundtravel.com/posts/food-recommendations-guide/,Aviasales,INLINE,2
cbt-1005a037234b,China Food Guide for European Travelers,https://www.chinaboundtravel.com/posts/food-recommendations-guide/,Booking,INLINE,2
cbt-1005a037234b,China Food Guide for European Travelers,https://www.chinaboundtravel.com/posts/food-recommendations-guide/,Klook,INLINE,2
cbt-1005a037234b,China Food Guide for European Travelers,https://www.chinaboundtravel.com/posts/food-recommendations-guide/,NordVPN,INLINE,1
cbt-1005a037234b,China Food Guide for European Travelers,https://www.chinaboundtravel.com/posts/food-recommendations-guide/,SafetyWing,INLINE,2
cbt-23c31fe5b281,Yunnan Travel Guide: Rice Terraces & Ancient Towns,https://www.chinaboundtravel.com/posts/yunnan-adventure-rice-terraces-ancient-towns-and-ethnic-minorities-guide/,Aviasales,INLINE,1
cbt-23c31fe5b281,Yunnan Travel Guide: Rice Terraces & Ancient Towns,https://www.chinaboundtravel.com/posts/yunnan-adventure-rice-terraces-ancient-towns-and-ethnic-minorities-guide/,Booking,INLINE,1
cbt-23c31fe5b281,Yunnan Travel Guide: Rice Terraces & Ancient Towns,https://www.chinaboundtravel.com/posts/yunnan-adventure-rice-terraces-ancient-towns-and-ethnic-minorities-guide/,Klook,INLINE,1
cbt-244822dc113b,China's 144-Hour Visa-Free Transit: 15 New Countries,https://www.chinaboundtravel.com/posts/china-extends-144-hour-visa-free-transit-policy-to-more-countries/,Airalo,INLINE,1
cbt-244822dc113b,China's 144-Hour Visa-Free Transit: 15 New Countries,https://www.chinaboundtravel.com/posts/china-extends-144-hour-visa-free-transit-policy-to-more-countries/,Aviasales,INLINE,1
cbt-244822dc113b,China's 144-Hour Visa-Free Transit: 15 New Countries,https://www.chinaboundtravel.com/posts/china-extends-144-hour-visa-free-transit-policy-to-more-countries/,Booking,INLINE,1
cbt-244822dc113b,China's 144-Hour Visa-Free Transit: 15 New Countries,https://www.chinaboundtravel.com/posts/china-extends-144-hour-visa-free-transit-policy-to-more-countries/,Klook,INLINE,1
cbt-244822dc113b,China's 144-Hour Visa-Free Transit: 15 New Countries,https://www.chinaboundtravel.com/posts/china-extends-144-hour-visa-free-transit-policy-to-more-countries/,SafetyWing,INLINE,1
cbt-255af4ed003a,How to Set Up & Use WeChat Pay Step by Step (2026 Guide),https://www.chinaboundtravel.com/posts/wechat-pay-for-foreigners-step-by-step-setup-and-common-mistakes-to-avoid-guide/,Airalo,INLINE,2
cbt-255af4ed003a,How to Set Up & Use WeChat Pay Step by Step (2026 Guide),https://www.chinaboundtravel.com/posts/wechat-pay-for-foreigners-step-by-step-setup-and-common-mistakes-to-avoid-guide/,Aviasales,INLINE,2
cbt-255af4ed003a,How to Set Up & Use WeChat Pay Step by Step (2026 Guide),https://www.chinaboundtravel.com/posts/wechat-pay-for-foreigners-step-by-step-setup-and-common-mistakes-to-avoid-guide/,Booking,INLINE,2
cbt-255af4ed003a,How to Set Up & Use WeChat Pay Step by Step (2026 Guide),https://www.chinaboundtravel.com/posts/wechat-pay-for-foreigners-step-by-step-setup-and-common-mistakes-to-avoid-guide/,Klook,INLINE,2
cbt-255af4ed003a,How to Set Up & Use WeChat Pay Step by Step (2026 Guide),https://www.chinaboundtravel.com/posts/wechat-pay-for-foreigners-step-by-step-setup-and-common-mistakes-to-avoid-guide/,NordVPN,INLINE,1
cbt-255af4ed003a,How to Set Up & Use WeChat Pay Step by Step (2026 Guide),https://www.chinaboundtravel.com/posts/wechat-pay-for-foreigners-step-by-step-setup-and-common-mistakes-to-avoid-guide/,SafetyWing,INLINE,2
cbt-277de627eb2d,Hangzhou Travel Guide: West Lake & Tea Culture,https://www.chinaboundtravel.com/posts/hangzhou-west-lake-tea-culture-g20-guide/,Airalo,INLINE,1
cbt-277de627eb2d,Hangzhou Travel Guide: West Lake & Tea Culture,https://www.chinaboundtravel.com/posts/hangzhou-west-lake-tea-culture-g20-guide/,Aviasales,INLINE,1
cbt-277de627eb2d,Hangzhou Travel Guide: West Lake & Tea Culture,https://www.chinaboundtravel.com/posts/hangzhou-west-lake-tea-culture-g20-guide/,Booking,INLINE,1
cbt-277de627eb2d,Hangzhou Travel Guide: West Lake & Tea Culture,https://www.chinaboundtravel.com/posts/hangzhou-west-lake-tea-culture-g20-guide/,Klook,INLINE,1
cbt-277de627eb2d,Hangzhou Travel Guide: West Lake & Tea Culture,https://www.chinaboundtravel.com/posts/hangzhou-west-lake-tea-culture-g20-guide/,Trip.com,INLINE,1
cbt-302467d853db,Shanghai 48-Hour Guide: Bund & French Concession,https://www.chinaboundtravel.com/posts/shanghai-bund-french-concession-2-day-guide/,Aviasales,INLINE,1
cbt-302467d853db,Shanghai 48-Hour Guide: Bund & French Concession,https://www.chinaboundtravel.com/posts/shanghai-bund-french-concession-2-day-guide/,Booking,INLINE,1
cbt-302467d853db,Shanghai 48-Hour Guide: Bund & French Concession,https://www.chinaboundtravel.com/posts/shanghai-bund-french-concession-2-day-guide/,Klook,INLINE,1
cbt-302467d853db,Shanghai 48-Hour Guide: Bund & French Concession,https://www.chinaboundtravel.com/posts/shanghai-bund-french-concession-2-day-guide/,Trip.com,INLINE,1
cbt-34777b6c17c1,Zhangjiajie Guide: Avatar Mountains & Itinerary,https://www.chinaboundtravel.com/posts/zhangjiajie-avatar-mountains-complete-guide-to-chinas-most-spectacular-park/,Airalo,INLINE,3
cbt-34777b6c17c1,Zhangjiajie Guide: Avatar Mountains & Itinerary,https://www.chinaboundtravel.com/posts/zhangjiajie-avatar-mountains-complete-guide-to-chinas-most-spectacular-park/,Aviasales,INLINE,1
cbt-34777b6c17c1,Zhangjiajie Guide: Avatar Mountains & Itinerary,https://www.chinaboundtravel.com/posts/zhangjiajie-avatar-mountains-complete-guide-to-chinas-most-spectacular-park/,Booking,INLINE,2
cbt-34777b6c17c1,Zhangjiajie Guide: Avatar Mountains & Itinerary,https://www.chinaboundtravel.com/posts/zhangjiajie-avatar-mountains-complete-guide-to-chinas-most-spectacular-park/,Klook,INLINE,1
cbt-34777b6c17c1,Zhangjiajie Guide: Avatar Mountains & Itinerary,https://www.chinaboundtravel.com/posts/zhangjiajie-avatar-mountains-complete-guide-to-chinas-most-spectacular-park/,NordVPN,INLINE,2
cbt-34777b6c17c1,Zhangjiajie Guide: Avatar Mountains & Itinerary,https://www.chinaboundtravel.com/posts/zhangjiajie-avatar-mountains-complete-guide-to-chinas-most-spectacular-park/,SafetyWing,INLINE,3
cbt-4e09fa4aa93d,China High-Speed Trains: Booking & Insider Tips,https://www.chinaboundtravel.com/posts/china-high-speed-train-survival-guide-booking-classes-and-insider-tips/,Aviasales,INLINE,1
cbt-4e09fa4aa93d,China High-Speed Trains: Booking & Insider Tips,https://www.chinaboundtravel.com/posts/china-high-speed-train-survival-guide-booking-classes-and-insider-tips/,Booking,INLINE,2
cbt-4e09fa4aa93d,China High-Speed Trains: Booking & Insider Tips,https://www.chinaboundtravel.com/posts/china-high-speed-train-survival-guide-booking-classes-and-insider-tips/,Klook,INLINE,1
cbt-52a577c1b2b8,China Transportation Guide for European Travelers,https://www.chinaboundtravel.com/posts/china-transportation-complete-guide-trains-subways-taxis-and-more/,Airalo,INLINE,1
cbt-52a577c1b2b8,China Transportation Guide for European Travelers,https://www.chinaboundtravel.com/posts/china-transportation-complete-guide-trains-subways-taxis-and-more/,Aviasales,INLINE,1
cbt-52a577c1b2b8,China Transportation Guide for European Travelers,https://www.chinaboundtravel.com/posts/china-transportation-complete-guide-trains-subways-taxis-and-more/,Booking,INLINE,1
cbt-52a577c1b2b8,China Transportation Guide for European Travelers,https://www.chinaboundtravel.com/posts/china-transportation-complete-guide-trains-subways-taxis-and-more/,Klook,INLINE,1
cbt-52a577c1b2b8,China Transportation Guide for European Travelers,https://www.chinaboundtravel.com/posts/china-transportation-complete-guide-trains-subways-taxis-and-more/,SafetyWing,INLINE,1
cbt-550a6e3e929c,Sichuan Hotpot Guide: History & Best Restaurants,https://www.chinaboundtravel.com/posts/sichuan-hotpot-guide-history-best-restaurants-and-cultural-significance/,Airalo,INLINE,1
cbt-550a6e3e929c,Sichuan Hotpot Guide: History & Best Restaurants,https://www.chinaboundtravel.com/posts/sichuan-hotpot-guide-history-best-restaurants-and-cultural-significance/,Aviasales,INLINE,2
cbt-550a6e3e929c,Sichuan Hotpot Guide: History & Best Restaurants,https://www.chinaboundtravel.com/posts/sichuan-hotpot-guide-history-best-restaurants-and-cultural-significance/,Booking,INLINE,1
cbt-550a6e3e929c,Sichuan Hotpot Guide: History & Best Restaurants,https://www.chinaboundtravel.com/posts/sichuan-hotpot-guide-history-best-restaurants-and-cultural-significance/,Klook,INLINE,2
cbt-550a6e3e929c,Sichuan Hotpot Guide: History & Best Restaurants,https://www.chinaboundtravel.com/posts/sichuan-hotpot-guide-history-best-restaurants-and-cultural-significance/,NordVPN,INLINE,1
cbt-550a6e3e929c,Sichuan Hotpot Guide: History & Best Restaurants,https://www.chinaboundtravel.com/posts/sichuan-hotpot-guide-history-best-restaurants-and-cultural-significance/,SafetyWing,INLINE,1
cbt-558f85f45e9a,Great Wall of China: History Beyond the Tourist Trail,https://www.chinaboundtravel.com/posts/the-history-and-culture-of-the-great-wall-beyond-the-tourist-trail-guide/,Airalo,INLINE,1
cbt-558f85f45e9a,Great Wall of China: History Beyond the Tourist Trail,https://www.chinaboundtravel.com/posts/the-history-and-culture-of-the-great-wall-beyond-the-tourist-trail-guide/,Aviasales,INLINE,2
cbt-558f85f45e9a,Great Wall of China: History Beyond the Tourist Trail,https://www.chinaboundtravel.com/posts/the-history-and-culture-of-the-great-wall-beyond-the-tourist-trail-guide/,Booking,INLINE,2
cbt-558f85f45e9a,Great Wall of China: History Beyond the Tourist Trail,https://www.chinaboundtravel.com/posts/the-history-and-culture-of-the-great-wall-beyond-the-tourist-trail-guide/,Klook,INLINE,2
cbt-558f85f45e9a,Great Wall of China: History Beyond the Tourist Trail,https://www.chinaboundtravel.com/posts/the-history-and-culture-of-the-great-wall-beyond-the-tourist-trail-guide/,NordVPN,INLINE,1
cbt-558f85f45e9a,Great Wall of China: History Beyond the Tourist Trail,https://www.chinaboundtravel.com/posts/the-history-and-culture-of-the-great-wall-beyond-the-tourist-trail-guide/,SafetyWing,INLINE,2
cbt-55aef784e6aa,China Transportation Card Guide (2026): Metro Cards & Transit Apps,https://www.chinaboundtravel.com/posts/china-transportation-card-guide/,Airalo,INLINE,1
cbt-55aef784e6aa,China Transportation Card Guide (2026): Metro Cards & Transit Apps,https://www.chinaboundtravel.com/posts/china-transportation-card-guide/,Booking,INLINE,1
cbt-55aef784e6aa,China Transportation Card Guide (2026): Metro Cards & Transit Apps,https://www.chinaboundtravel.com/posts/china-transportation-card-guide/,Klook,INLINE,1
cbt-55aef784e6aa,China Transportation Card Guide (2026): Metro Cards & Transit Apps,https://www.chinaboundtravel.com/posts/china-transportation-card-guide/,Trip.com,INLINE,1
cbt-57d0b0208d3b,Is China Safe in 2026? Honest Guide,https://www.chinaboundtravel.com/posts/is-china-safe-for-tourists-2026-honest-safety-assessment/,Aviasales,INLINE,1
cbt-57d0b0208d3b,Is China Safe in 2026? Honest Guide,https://www.chinaboundtravel.com/posts/is-china-safe-for-tourists-2026-honest-safety-assessment/,Booking,INLINE,1
cbt-57d0b0208d3b,Is China Safe in 2026? Honest Guide,https://www.chinaboundtravel.com/posts/is-china-safe-for-tourists-2026-honest-safety-assessment/,Klook,INLINE,1
cbt-57d0b0208d3b,Is China Safe in 2026? Honest Guide,https://www.chinaboundtravel.com/posts/is-china-safe-for-tourists-2026-honest-safety-assessment/,SafetyWing,INLINE,1
cbt-663ab3f3b0fa,Shanghai Beyond the Bund: Hidden Neighborhoods,https://www.chinaboundtravel.com/posts/shanghai-beyond-the-bund-hidden-neighborhoods-and-local-culture/,Airalo,INLINE,2
cbt-663ab3f3b0fa,Shanghai Beyond the Bund: Hidden Neighborhoods,https://www.chinaboundtravel.com/posts/shanghai-beyond-the-bund-hidden-neighborhoods-and-local-culture/,Aviasales,INLINE,2
cbt-663ab3f3b0fa,Shanghai Beyond the Bund: Hidden Neighborhoods,https://www.chinaboundtravel.com/posts/shanghai-beyond-the-bund-hidden-neighborhoods-and-local-culture/,Booking,INLINE,2
cbt-663ab3f3b0fa,Shanghai Beyond the Bund: Hidden Neighborhoods,https://www.chinaboundtravel.com/posts/shanghai-beyond-the-bund-hidden-neighborhoods-and-local-culture/,Klook,INLINE,2
cbt-663ab3f3b0fa,Shanghai Beyond the Bund: Hidden Neighborhoods,https://www.chinaboundtravel.com/posts/shanghai-beyond-the-bund-hidden-neighborhoods-and-local-culture/,NordVPN,INLINE,1
cbt-663ab3f3b0fa,Shanghai Beyond the Bund: Hidden Neighborhoods,https://www.chinaboundtravel.com/posts/shanghai-beyond-the-bund-hidden-neighborhoods-and-local-culture/,SafetyWing,INLINE,2
cbt-673e981fe6f2,Is China Safe for Tourists in 2026? Honest Guide,https://www.chinaboundtravel.com/posts/is-china-safe-for-tourists-2026-honest-assessment/,Airalo,INLINE,1
cbt-673e981fe6f2,Is China Safe for Tourists in 2026? Honest Guide,https://www.chinaboundtravel.com/posts/is-china-safe-for-tourists-2026-honest-assessment/,Aviasales,INLINE,1
cbt-673e981fe6f2,Is China Safe for Tourists in 2026? Honest Guide,https://www.chinaboundtravel.com/posts/is-china-safe-for-tourists-2026-honest-assessment/,Booking,INLINE,1
cbt-673e981fe6f2,Is China Safe for Tourists in 2026? Honest Guide,https://www.chinaboundtravel.com/posts/is-china-safe-for-tourists-2026-honest-assessment/,Klook,INLINE,1
cbt-673e981fe6f2,Is China Safe for Tourists in 2026? Honest Guide,https://www.chinaboundtravel.com/posts/is-china-safe-for-tourists-2026-honest-assessment/,SafetyWing,INLINE,1
cbt-698862ce2129,"Chinese Tea Culture: History, Types & Ceremony",https://www.chinaboundtravel.com/posts/chinese-tea-culture-history-types-and-tea-ceremony-guide/,Airalo,INLINE,1
cbt-698862ce2129,"Chinese Tea Culture: History, Types & Ceremony",https://www.chinaboundtravel.com/posts/chinese-tea-culture-history-types-and-tea-ceremony-guide/,Aviasales,INLINE,1
cbt-698862ce2129,"Chinese Tea Culture: History, Types & Ceremony",https://www.chinaboundtravel.com/posts/chinese-tea-culture-history-types-and-tea-ceremony-guide/,Booking,INLINE,2
cbt-698862ce2129,"Chinese Tea Culture: History, Types & Ceremony",https://www.chinaboundtravel.com/posts/chinese-tea-culture-history-types-and-tea-ceremony-guide/,Klook,INLINE,1
cbt-698862ce2129,"Chinese Tea Culture: History, Types & Ceremony",https://www.chinaboundtravel.com/posts/chinese-tea-culture-history-types-and-tea-ceremony-guide/,NordVPN,INLINE,1
cbt-698862ce2129,"Chinese Tea Culture: History, Types & Ceremony",https://www.chinaboundtravel.com/posts/chinese-tea-culture-history-types-and-tea-ceremony-guide/,SafetyWing,INLINE,2
cbt-6a164e0e8077,Chengdu Panda Base Guide: See the Pandas Like a Local,https://www.chinaboundtravel.com/posts/dude-wheres-my-panda-a-beijing-guys-guide-to-the-c/,Airalo,INLINE,1
cbt-6a164e0e8077,Chengdu Panda Base Guide: See the Pandas Like a Local,https://www.chinaboundtravel.com/posts/dude-wheres-my-panda-a-beijing-guys-guide-to-the-c/,Aviasales,INLINE,1
cbt-6a164e0e8077,Chengdu Panda Base Guide: See the Pandas Like a Local,https://www.chinaboundtravel.com/posts/dude-wheres-my-panda-a-beijing-guys-guide-to-the-c/,Booking,INLINE,1
cbt-6a164e0e8077,Chengdu Panda Base Guide: See the Pandas Like a Local,https://www.chinaboundtravel.com/posts/dude-wheres-my-panda-a-beijing-guys-guide-to-the-c/,Klook,INLINE,1
cbt-6a164e0e8077,Chengdu Panda Base Guide: See the Pandas Like a Local,https://www.chinaboundtravel.com/posts/dude-wheres-my-panda-a-beijing-guys-guide-to-the-c/,SafetyWing,INLINE,1
cbt-6f28480baea0,Chinese Train Stations: Survival Guide for Travelers,https://www.chinaboundtravel.com/posts/how-to-survive-chinese-train-station/,Airalo,INLINE,1
cbt-6f28480baea0,Chinese Train Stations: Survival Guide for Travelers,https://www.chinaboundtravel.com/posts/how-to-survive-chinese-train-station/,Aviasales,INLINE,1
cbt-6f28480baea0,Chinese Train Stations: Survival Guide for Travelers,https://www.chinaboundtravel.com/posts/how-to-survive-chinese-train-station/,Klook,INLINE,1
cbt-707a8899c0a7,Can Foreigners Use WeChat Pay in China? (2026 Guide),https://www.chinaboundtravel.com/posts/how-to-use-wechat-pay-as-a-foreigner/,Airalo,INLINE,2
cbt-707a8899c0a7,Can Foreigners Use WeChat Pay in China? (2026 Guide),https://www.chinaboundtravel.com/posts/how-to-use-wechat-pay-as-a-foreigner/,Aviasales,INLINE,1
cbt-707a8899c0a7,Can Foreigners Use WeChat Pay in China? (2026 Guide),https://www.chinaboundtravel.com/posts/how-to-use-wechat-pay-as-a-foreigner/,Klook,INLINE,1
cbt-73f33c49bc51,China Tourist Visa Guide: How to Apply in 2026,https://www.chinaboundtravel.com/posts/ultimate-guide-to-china-visa-for-tourists/,Aviasales,INLINE,1
cbt-73f33c49bc51,China Tourist Visa Guide: How to Apply in 2026,https://www.chinaboundtravel.com/posts/ultimate-guide-to-china-visa-for-tourists/,Booking,INLINE,1
cbt-73f33c49bc51,China Tourist Visa Guide: How to Apply in 2026,https://www.chinaboundtravel.com/posts/ultimate-guide-to-china-visa-for-tourists/,Klook,INLINE,1
cbt-73f33c49bc51,China Tourist Visa Guide: How to Apply in 2026,https://www.chinaboundtravel.com/posts/ultimate-guide-to-china-visa-for-tourists/,SafetyWing,INLINE,1
cbt-80ac63165adb,China Travel Guide: August 2026 Updates & Visa Rules,https://www.chinaboundtravel.com/posts/chinabound-travel-guide-2026-08-monthly-update/,Airalo,INLINE,1
cbt-80ac63165adb,China Travel Guide: August 2026 Updates & Visa Rules,https://www.chinaboundtravel.com/posts/chinabound-travel-guide-2026-08-monthly-update/,Aviasales,INLINE,1
cbt-80ac63165adb,China Travel Guide: August 2026 Updates & Visa Rules,https://www.chinaboundtravel.com/posts/chinabound-travel-guide-2026-08-monthly-update/,Booking,INLINE,1
cbt-80ac63165adb,China Travel Guide: August 2026 Updates & Visa Rules,https://www.chinaboundtravel.com/posts/chinabound-travel-guide-2026-08-monthly-update/,Klook,INLINE,1
cbt-80ac63165adb,China Travel Guide: August 2026 Updates & Visa Rules,https://www.chinaboundtravel.com/posts/chinabound-travel-guide-2026-08-monthly-update/,NordVPN,INLINE,1
cbt-80ac63165adb,China Travel Guide: August 2026 Updates & Visa Rules,https://www.chinaboundtravel.com/posts/chinabound-travel-guide-2026-08-monthly-update/,SafetyWing,INLINE,1
cbt-80f6c218ad94,Western Sichuan Overland Camping Route: 7 Days,https://www.chinaboundtravel.com/posts/western-sichuan-overland-camping-route/,Airalo,INLINE,1
cbt-80f6c218ad94,Western Sichuan Overland Camping Route: 7 Days,https://www.chinaboundtravel.com/posts/western-sichuan-overland-camping-route/,Aviasales,INLINE,1
cbt-80f6c218ad94,Western Sichuan Overland Camping Route: 7 Days,https://www.chinaboundtravel.com/posts/western-sichuan-overland-camping-route/,Booking,INLINE,1
cbt-80f6c218ad94,Western Sichuan Overland Camping Route: 7 Days,https://www.chinaboundtravel.com/posts/western-sichuan-overland-camping-route/,Klook,INLINE,1
cbt-80f6c218ad94,Western Sichuan Overland Camping Route: 7 Days,https://www.chinaboundtravel.com/posts/western-sichuan-overland-camping-route/,SafetyWing,INLINE,1
cbt-92448be1e0ca,China Remote Work Guide: Digital Nomad Essentials,https://www.chinaboundtravel.com/posts/china-remote-work-guide-a-californians-5-year-chengdu-experience/,Airalo,INLINE,1
cbt-92448be1e0ca,China Remote Work Guide: Digital Nomad Essentials,https://www.chinaboundtravel.com/posts/china-remote-work-guide-a-californians-5-year-chengdu-experience/,Aviasales,INLINE,1
cbt-92448be1e0ca,China Remote Work Guide: Digital Nomad Essentials,https://www.chinaboundtravel.com/posts/china-remote-work-guide-a-californians-5-year-chengdu-experience/,Booking,INLINE,1
cbt-92448be1e0ca,China Remote Work Guide: Digital Nomad Essentials,https://www.chinaboundtravel.com/posts/china-remote-work-guide-a-californians-5-year-chengdu-experience/,Klook,INLINE,2
cbt-92448be1e0ca,China Remote Work Guide: Digital Nomad Essentials,https://www.chinaboundtravel.com/posts/china-remote-work-guide-a-californians-5-year-chengdu-experience/,NordVPN,INLINE,1
cbt-92448be1e0ca,China Remote Work Guide: Digital Nomad Essentials,https://www.chinaboundtravel.com/posts/china-remote-work-guide-a-californians-5-year-chengdu-experience/,SafetyWing,INLINE,1
cbt-95d9a1b95440,China Travel Guide: July 2026 Updates & Visa Rules,https://www.chinaboundtravel.com/posts/chinabound-travel-guide-2026-07-monthly-update/,Booking,INLINE,1
cbt-95d9a1b95440,China Travel Guide: July 2026 Updates & Visa Rules,https://www.chinaboundtravel.com/posts/chinabound-travel-guide-2026-07-monthly-update/,Klook,INLINE,1
cbt-95d9a1b95440,China Travel Guide: July 2026 Updates & Visa Rules,https://www.chinaboundtravel.com/posts/chinabound-travel-guide-2026-07-monthly-update/,SafetyWing,INLINE,1
cbt-9e2f5ffa1b6d,Where to Stay in China: Hotels & Budget Options,https://www.chinaboundtravel.com/posts/accommodation-tips-guide/,Booking,INLINE,1
cbt-9e2f5ffa1b6d,Where to Stay in China: Hotels & Budget Options,https://www.chinaboundtravel.com/posts/accommodation-tips-guide/,Klook,INLINE,1
cbt-9e2f5ffa1b6d,Where to Stay in China: Hotels & Budget Options,https://www.chinaboundtravel.com/posts/accommodation-tips-guide/,SafetyWing,INLINE,1
cbt-a349eee78670,Internet in China: eSIM vs SIM vs VPN (2026),https://www.chinaboundtravel.com/posts/internet-connection-china-esim-vpn-guide/,Airalo,INLINE,1
cbt-a349eee78670,Internet in China: eSIM vs SIM vs VPN (2026),https://www.chinaboundtravel.com/posts/internet-connection-china-esim-vpn-guide/,Aviasales,INLINE,1
cbt-a349eee78670,Internet in China: eSIM vs SIM vs VPN (2026),https://www.chinaboundtravel.com/posts/internet-connection-china-esim-vpn-guide/,Booking,INLINE,1
cbt-a349eee78670,Internet in China: eSIM vs SIM vs VPN (2026),https://www.chinaboundtravel.com/posts/internet-connection-china-esim-vpn-guide/,Klook,INLINE,1
cbt-a349eee78670,Internet in China: eSIM vs SIM vs VPN (2026),https://www.chinaboundtravel.com/posts/internet-connection-china-esim-vpn-guide/,SafetyWing,INLINE,1
cbt-abb64a856c29,PayPal + Alipay + WeChat Pay: What It Means for You,https://www.chinaboundtravel.com/posts/paypal-alipay-wechat-pay-qr-code-support/,Airalo,INLINE,1
cbt-abb64a856c29,PayPal + Alipay + WeChat Pay: What It Means for You,https://www.chinaboundtravel.com/posts/paypal-alipay-wechat-pay-qr-code-support/,Aviasales,INLINE,1
cbt-abb64a856c29,PayPal + Alipay + WeChat Pay: What It Means for You,https://www.chinaboundtravel.com/posts/paypal-alipay-wechat-pay-qr-code-support/,Booking,INLINE,1
cbt-abb64a856c29,PayPal + Alipay + WeChat Pay: What It Means for You,https://www.chinaboundtravel.com/posts/paypal-alipay-wechat-pay-qr-code-support/,Klook,INLINE,1
cbt-ae69cb9f84b0,How to Use Alipay as a Foreigner (2026),https://www.chinaboundtravel.com/posts/how-to-use-alipay-as-a-foreigner-complete-setup-guide-2026/,Airalo,INLINE,2
cbt-ae69cb9f84b0,How to Use Alipay as a Foreigner (2026),https://www.chinaboundtravel.com/posts/how-to-use-alipay-as-a-foreigner-complete-setup-guide-2026/,Aviasales,INLINE,2
cbt-ae69cb9f84b0,How to Use Alipay as a Foreigner (2026),https://www.chinaboundtravel.com/posts/how-to-use-alipay-as-a-foreigner-complete-setup-guide-2026/,Booking,INLINE,2
cbt-ae69cb9f84b0,How to Use Alipay as a Foreigner (2026),https://www.chinaboundtravel.com/posts/how-to-use-alipay-as-a-foreigner-complete-setup-guide-2026/,Klook,INLINE,2
cbt-ae69cb9f84b0,How to Use Alipay as a Foreigner (2026),https://www.chinaboundtravel.com/posts/how-to-use-alipay-as-a-foreigner-complete-setup-guide-2026/,NordVPN,INLINE,1
cbt-ae69cb9f84b0,How to Use Alipay as a Foreigner (2026),https://www.chinaboundtravel.com/posts/how-to-use-alipay-as-a-foreigner-complete-setup-guide-2026/,SafetyWing,INLINE,1
cbt-b4ff4381a014,China 144-Hour Visa-Free Transit (2026 Guide),https://www.chinaboundtravel.com/posts/144-hour-visa-free-transit-guide/,Aviasales,INLINE,1
cbt-b4ff4381a014,China 144-Hour Visa-Free Transit (2026 Guide),https://www.chinaboundtravel.com/posts/144-hour-visa-free-transit-guide/,Booking,INLINE,1
cbt-b4ff4381a014,China 144-Hour Visa-Free Transit (2026 Guide),https://www.chinaboundtravel.com/posts/144-hour-visa-free-transit-guide/,Klook,INLINE,1
cbt-b4ff4381a014,China 144-Hour Visa-Free Transit (2026 Guide),https://www.chinaboundtravel.com/posts/144-hour-visa-free-transit-guide/,SafetyWing,INLINE,1
cbt-bf4ec5e57a07,Guilin & Yangshuo: Complete 2026 Travel Guide,https://www.chinaboundtravel.com/posts/guilin-and-yangshuo-the-ultimate-karst-landscape-guide-for-2026/,Airalo,INLINE,1
cbt-bf4ec5e57a07,Guilin & Yangshuo: Complete 2026 Travel Guide,https://www.chinaboundtravel.com/posts/guilin-and-yangshuo-the-ultimate-karst-landscape-guide-for-2026/,Aviasales,INLINE,1
cbt-bf4ec5e57a07,Guilin & Yangshuo: Complete 2026 Travel Guide,https://www.chinaboundtravel.com/posts/guilin-and-yangshuo-the-ultimate-karst-landscape-guide-for-2026/,Booking,INLINE,1
cbt-bf4ec5e57a07,Guilin & Yangshuo: Complete 2026 Travel Guide,https://www.chinaboundtravel.com/posts/guilin-and-yangshuo-the-ultimate-karst-landscape-guide-for-2026/,Klook,INLINE,1
cbt-bfeaa5ca9007,China Photography Guide: Best Spots & Tips,https://www.chinaboundtravel.com/posts/china-photography-guide-capturing-the-wonders-of-the-middle-kingdom/,Airalo,INLINE,1
cbt-bfeaa5ca9007,China Photography Guide: Best Spots & Tips,https://www.chinaboundtravel.com/posts/china-photography-guide-capturing-the-wonders-of-the-middle-kingdom/,Aviasales,INLINE,1
cbt-bfeaa5ca9007,China Photography Guide: Best Spots & Tips,https://www.chinaboundtravel.com/posts/china-photography-guide-capturing-the-wonders-of-the-middle-kingdom/,Booking,INLINE,1
cbt-bfeaa5ca9007,China Photography Guide: Best Spots & Tips,https://www.chinaboundtravel.com/posts/china-photography-guide-capturing-the-wonders-of-the-middle-kingdom/,Klook,INLINE,1
cbt-bfeaa5ca9007,China Photography Guide: Best Spots & Tips,https://www.chinaboundtravel.com/posts/china-photography-guide-capturing-the-wonders-of-the-middle-kingdom/,NordVPN,INLINE,1
cbt-bfeaa5ca9007,China Photography Guide: Best Spots & Tips,https://www.chinaboundtravel.com/posts/china-photography-guide-capturing-the-wonders-of-the-middle-kingdom/,SafetyWing,INLINE,1
cbt-c59607760fee,Chinese Street Food: Night Markets & What to Eat,https://www.chinaboundtravel.com/posts/chinese-street-food-a-first-timers-guide-to-night-markets-and-street-stalls/,Airalo,INLINE,1
cbt-c59607760fee,Chinese Street Food: Night Markets & What to Eat,https://www.chinaboundtravel.com/posts/chinese-street-food-a-first-timers-guide-to-night-markets-and-street-stalls/,Klook,INLINE,1
cbt-c885da2cf5d9,"7-Day China Itinerary: Beijing, Xi'an & Shanghai",https://www.chinaboundtravel.com/posts/7-day-china-itinerary-beijing-xian-shanghai-first-timers/,Airalo,INLINE,2
cbt-c885da2cf5d9,"7-Day China Itinerary: Beijing, Xi'an & Shanghai",https://www.chinaboundtravel.com/posts/7-day-china-itinerary-beijing-xian-shanghai-first-timers/,Aviasales,INLINE,1
cbt-c885da2cf5d9,"7-Day China Itinerary: Beijing, Xi'an & Shanghai",https://www.chinaboundtravel.com/posts/7-day-china-itinerary-beijing-xian-shanghai-first-timers/,Booking,INLINE,1
cbt-c885da2cf5d9,"7-Day China Itinerary: Beijing, Xi'an & Shanghai",https://www.chinaboundtravel.com/posts/7-day-china-itinerary-beijing-xian-shanghai-first-timers/,Klook,INLINE,1
cbt-cc4549872c92,How to Book China High-Speed Train Tickets (2026),https://www.chinaboundtravel.com/posts/china-high-speed-rail-how-to-book-tickets/,Airalo,INLINE,1
cbt-cc4549872c92,How to Book China High-Speed Train Tickets (2026),https://www.chinaboundtravel.com/posts/china-high-speed-rail-how-to-book-tickets/,Aviasales,INLINE,1
cbt-cc4549872c92,How to Book China High-Speed Train Tickets (2026),https://www.chinaboundtravel.com/posts/china-high-speed-rail-how-to-book-tickets/,Klook,INLINE,1
cbt-cc4549872c92,How to Book China High-Speed Train Tickets (2026),https://www.chinaboundtravel.com/posts/china-high-speed-rail-how-to-book-tickets/,SafetyWing,INLINE,1
cbt-cc4549872c92,How to Book China High-Speed Train Tickets (2026),https://www.chinaboundtravel.com/posts/china-high-speed-rail-how-to-book-tickets/,Trip.com,INLINE,1
cbt-cfd5d7b39f09,Chinese Language Survival Phrases Guide 2026,https://www.chinaboundtravel.com/posts/chinese-language-survival-phrases-guide/,Airalo,INLINE,1
cbt-cfd5d7b39f09,Chinese Language Survival Phrases Guide 2026,https://www.chinaboundtravel.com/posts/chinese-language-survival-phrases-guide/,Aviasales,INLINE,1
cbt-cfd5d7b39f09,Chinese Language Survival Phrases Guide 2026,https://www.chinaboundtravel.com/posts/chinese-language-survival-phrases-guide/,Booking,INLINE,1
cbt-cfd5d7b39f09,Chinese Language Survival Phrases Guide 2026,https://www.chinaboundtravel.com/posts/chinese-language-survival-phrases-guide/,Klook,INLINE,1
cbt-cfd5d7b39f09,Chinese Language Survival Phrases Guide 2026,https://www.chinaboundtravel.com/posts/chinese-language-survival-phrases-guide/,NordVPN,INLINE,1
cbt-cfd5d7b39f09,Chinese Language Survival Phrases Guide 2026,https://www.chinaboundtravel.com/posts/chinese-language-survival-phrases-guide/,SafetyWing,INLINE,1
cbt-d701fb08eb7b,Best Travel Insurance for China 2026,https://www.chinaboundtravel.com/posts/best-travel-insurance-china/,Airalo,INLINE,1
cbt-d701fb08eb7b,Best Travel Insurance for China 2026,https://www.chinaboundtravel.com/posts/best-travel-insurance-china/,Allianz,INLINE,3
cbt-d701fb08eb7b,Best Travel Insurance for China 2026,https://www.chinaboundtravel.com/posts/best-travel-insurance-china/,Aviasales,INLINE,1
cbt-d701fb08eb7b,Best Travel Insurance for China 2026,https://www.chinaboundtravel.com/posts/best-travel-insurance-china/,Klook,INLINE,1
cbt-d701fb08eb7b,Best Travel Insurance for China 2026,https://www.chinaboundtravel.com/posts/best-travel-insurance-china/,SafetyWing,INLINE,5
cbt-d701fb08eb7b,Best Travel Insurance for China 2026,https://www.chinaboundtravel.com/posts/best-travel-insurance-china/,World Nomads,INLINE,3
cbt-d7747b73c978,"Xi'an Terracotta Army: Tickets, Tips & History",https://www.chinaboundtravel.com/posts/xian-terracotta-army-history-discovery-and-insider-tips/,Airalo,INLINE,2
cbt-d7747b73c978,"Xi'an Terracotta Army: Tickets, Tips & History",https://www.chinaboundtravel.com/posts/xian-terracotta-army-history-discovery-and-insider-tips/,Aviasales,INLINE,2
cbt-d7747b73c978,"Xi'an Terracotta Army: Tickets, Tips & History",https://www.chinaboundtravel.com/posts/xian-terracotta-army-history-discovery-and-insider-tips/,Booking,INLINE,2
cbt-d7747b73c978,"Xi'an Terracotta Army: Tickets, Tips & History",https://www.chinaboundtravel.com/posts/xian-terracotta-army-history-discovery-and-insider-tips/,Klook,INLINE,2
cbt-d7747b73c978,"Xi'an Terracotta Army: Tickets, Tips & History",https://www.chinaboundtravel.com/posts/xian-terracotta-army-history-discovery-and-insider-tips/,NordVPN,INLINE,1
cbt-d7747b73c978,"Xi'an Terracotta Army: Tickets, Tips & History",https://www.chinaboundtravel.com/posts/xian-terracotta-army-history-discovery-and-insider-tips/,SafetyWing,INLINE,2
cbt-e464169c4991,Chinese Food Delivery: Meituan & Ele.me Guide,https://www.chinaboundtravel.com/posts/chinese-food-delivery-meituan-eleme-guide/,Airalo,INLINE,1
cbt-e464169c4991,Chinese Food Delivery: Meituan & Ele.me Guide,https://www.chinaboundtravel.com/posts/chinese-food-delivery-meituan-eleme-guide/,Aviasales,INLINE,1
cbt-e464169c4991,Chinese Food Delivery: Meituan & Ele.me Guide,https://www.chinaboundtravel.com/posts/chinese-food-delivery-meituan-eleme-guide/,Booking,INLINE,1
cbt-e464169c4991,Chinese Food Delivery: Meituan & Ele.me Guide,https://www.chinaboundtravel.com/posts/chinese-food-delivery-meituan-eleme-guide/,Klook,INLINE,1
