content_id,page,partner,affiliate_clicks_28d,affiliate_sessions_28d,revenue_28d,pageviews_28d,sessions_28d_total,affiliate_clicks_per_1000_sessions,gsc_clicks_28d,gsc_impressions_28d,commercial_intent
cbt-e464169c4991,https://www.chinaboundtravel.com/posts/chinese-food-delivery-meituan-eleme-guide/,Airalo,0,NULL,NULL,NULL,166,0.0,0,159,FOOD
cbt-e464169c4991,https://www.chinaboundtravel.com/posts/chinese-food-delivery-meituan-eleme-guide/,Aviasales,0,NULL,NULL,NULL,166,0.0,0,159,FOOD
cbt-e464169c4991,https://www.chinaboundtravel.com/posts/chinese-food-delivery-meituan-eleme-guide/,Booking,0,NULL,NULL,NULL,166,0.0,0,159,FOOD
cbt-e464169c4991,https://www.chinaboundtravel.com/posts/chinese-food-delivery-meituan-eleme-guide/,Klook,0,NULL,NULL,NULL,166,0.0,0,159,FOOD
cbt-b4ff4381a014,https://www.chinaboundtravel.com/posts/144-hour-visa-free-transit-guide/,Aviasales,0,NULL,NULL,NULL,166,0.0,0,107,VISA
cbt-b4ff4381a014,https://www.chinaboundtravel.com/posts/144-hour-visa-free-transit-guide/,Booking,0,NULL,NULL,NULL,166,0.0,0,107,VISA
cbt-b4ff4381a014,https://www.chinaboundtravel.com/posts/144-hour-visa-free-transit-guide/,Klook,0,NULL,NULL,NULL,166,0.0,0,107,VISA
cbt-b4ff4381a014,https://www.chinaboundtravel.com/posts/144-hour-visa-free-transit-guide/,SafetyWing,0,NULL,NULL,NULL,166,0.0,0,107,VISA
cbt-52a577c1b2b8,https://www.chinaboundtravel.com/posts/china-transportation-complete-guide-trains-subways-taxis-and-more/,Airalo,0,NULL,NULL,NULL,166,0.0,0,107,TRAIN
cbt-52a577c1b2b8,https://www.chinaboundtravel.com/posts/china-transportation-complete-guide-trains-subways-taxis-and-more/,Aviasales,0,NULL,NULL,NULL,166,0.0,0,107,TRAIN
cbt-52a577c1b2b8,https://www.chinaboundtravel.com/posts/china-transportation-complete-guide-trains-subways-taxis-and-more/,Booking,0,NULL,NULL,NULL,166,0.0,0,107,TRAIN
cbt-52a577c1b2b8,https://www.chinaboundtravel.com/posts/china-transportation-complete-guide-trains-subways-taxis-and-more/,Klook,0,NULL,NULL,NULL,166,0.0,0,107,TRAIN
cbt-52a577c1b2b8,https://www.chinaboundtravel.com/posts/china-transportation-complete-guide-trains-subways-taxis-and-more/,SafetyWing,0,NULL,NULL,NULL,166,0.0,0,107,TRAIN
cbt-244822dc113b,https://www.chinaboundtravel.com/posts/china-extends-144-hour-visa-free-transit-policy-to-more-countries/,Airalo,0,NULL,NULL,NULL,166,0.0,0,87,VISA
cbt-244822dc113b,https://www.chinaboundtravel.com/posts/china-extends-144-hour-visa-free-transit-policy-to-more-countries/,Aviasales,0,NULL,NULL,NULL,166,0.0,0,87,VISA
cbt-244822dc113b,https://www.chinaboundtravel.com/posts/china-extends-144-hour-visa-free-transit-policy-to-more-countries/,Booking,0,NULL,NULL,NULL,166,0.0,0,87,VISA
cbt-244822dc113b,https://www.chinaboundtravel.com/posts/china-extends-144-hour-visa-free-transit-policy-to-more-countries/,Klook,0,NULL,NULL,NULL,166,0.0,0,87,VISA
cbt-244822dc113b,https://www.chinaboundtravel.com/posts/china-extends-144-hour-visa-free-transit-policy-to-more-countries/,SafetyWing,0,NULL,NULL,NULL,166,0.0,0,87,VISA
cbt-707a8899c0a7,https://www.chinaboundtravel.com/posts/how-to-use-wechat-pay-as-a-foreigner/,Airalo,0,NULL,NULL,NULL,166,0.0,0,83,PAYMENT
cbt-707a8899c0a7,https://www.chinaboundtravel.com/posts/how-to-use-wechat-pay-as-a-foreigner/,Aviasales,0,NULL,NULL,NULL,166,0.0,0,83,PAYMENT
cbt-707a8899c0a7,https://www.chinaboundtravel.com/posts/how-to-use-wechat-pay-as-a-foreigner/,Klook,0,NULL,NULL,NULL,166,0.0,0,83,PAYMENT
cbt-80ac63165adb,https://www.chinaboundtravel.com/posts/chinabound-travel-guide-2026-08-monthly-update/,Airalo,0,NULL,NULL,NULL,166,0.0,0,52,GENERAL
cbt-80ac63165adb,https://www.chinaboundtravel.com/posts/chinabound-travel-guide-2026-08-monthly-update/,Aviasales,0,NULL,NULL,NULL,166,0.0,0,52,GENERAL
cbt-80ac63165adb,https://www.chinaboundtravel.com/posts/chinabound-travel-guide-2026-08-monthly-update/,Booking,0,NULL,NULL,NULL,166,0.0,0,52,GENERAL
cbt-80ac63165adb,https://www.chinaboundtravel.com/posts/chinabound-travel-guide-2026-08-monthly-update/,Klook,0,NULL,NULL,NULL,166,0.0,0,52,GENERAL
cbt-80ac63165adb,https://www.chinaboundtravel.com/posts/chinabound-travel-guide-2026-08-monthly-update/,NordVPN,0,NULL,NULL,NULL,166,0.0,0,52,GENERAL
cbt-80ac63165adb,https://www.chinaboundtravel.com/posts/chinabound-travel-guide-2026-08-monthly-update/,SafetyWing,0,NULL,NULL,NULL,166,0.0,0,52,GENERAL
cbt-bfeaa5ca9007,https://www.chinaboundtravel.com/posts/china-photography-guide-capturing-the-wonders-of-the-middle-kingdom/,Airalo,0,NULL,NULL,NULL,166,0.0,0,51,GENERAL
cbt-bfeaa5ca9007,https://www.chinaboundtravel.com/posts/china-photography-guide-capturing-the-wonders-of-the-middle-kingdom/,Aviasales,0,NULL,NULL,NULL,166,0.0,0,51,GENERAL
cbt-bfeaa5ca9007,https://www.chinaboundtravel.com/posts/china-photography-guide-capturing-the-wonders-of-the-middle-kingdom/,Booking,0,NULL,NULL,NULL,166,0.0,0,51,GENERAL
cbt-bfeaa5ca9007,https://www.chinaboundtravel.com/posts/china-photography-guide-capturing-the-wonders-of-the-middle-kingdom/,Klook,0,NULL,NULL,NULL,166,0.0,0,51,GENERAL
cbt-bfeaa5ca9007,https://www.chinaboundtravel.com/posts/china-photography-guide-capturing-the-wonders-of-the-middle-kingdom/,NordVPN,0,NULL,NULL,NULL,166,0.0,0,51,GENERAL
cbt-bfeaa5ca9007,https://www.chinaboundtravel.com/posts/china-photography-guide-capturing-the-wonders-of-the-middle-kingdom/,SafetyWing,0,NULL,NULL,NULL,166,0.0,0,51,GENERAL
cbt-23c31fe5b281,https://www.chinaboundtravel.com/posts/yunnan-adventure-rice-terraces-ancient-towns-and-ethnic-minorities-guide/,Aviasales,0,NULL,NULL,NULL,166,0.0,0,40,CITY
cbt-23c31fe5b281,https://www.chinaboundtravel.com/posts/yunnan-adventure-rice-terraces-ancient-towns-and-ethnic-minorities-guide/,Booking,0,NULL,NULL,NULL,166,0.0,0,40,CITY
cbt-23c31fe5b281,https://www.chinaboundtravel.com/posts/yunnan-adventure-rice-terraces-ancient-towns-and-ethnic-minorities-guide/,Klook,0,NULL,NULL,NULL,166,0.0,0,40,CITY
cbt-80f6c218ad94,https://www.chinaboundtravel.com/posts/western-sichuan-overland-camping-route/,Airalo,0,NULL,NULL,NULL,166,0.0,1,26,CITY
cbt-80f6c218ad94,https://www.chinaboundtravel.com/posts/western-sichuan-overland-camping-route/,Aviasales,0,NULL,NULL,NULL,166,0.0,1,26,CITY
cbt-80f6c218ad94,https://www.chinaboundtravel.com/posts/western-sichuan-overland-camping-route/,Booking,0,NULL,NULL,NULL,166,0.0,1,26,CITY
cbt-80f6c218ad94,https://www.chinaboundtravel.com/posts/western-sichuan-overland-camping-route/,Klook,0,NULL,NULL,NULL,166,0.0,1,26,CITY
cbt-80f6c218ad94,https://www.chinaboundtravel.com/posts/western-sichuan-overland-camping-route/,SafetyWing,0,NULL,NULL,NULL,166,0.0,1,26,CITY
cbt-bf4ec5e57a07,https://www.chinaboundtravel.com/posts/guilin-and-yangshuo-the-ultimate-karst-landscape-guide-for-2026/,Airalo,0,NULL,NULL,NULL,166,0.0,0,24,CITY
cbt-bf4ec5e57a07,https://www.chinaboundtravel.com/posts/guilin-and-yangshuo-the-ultimate-karst-landscape-guide-for-2026/,Aviasales,0,NULL,NULL,NULL,166,0.0,0,24,CITY
cbt-bf4ec5e57a07,https://www.chinaboundtravel.com/posts/guilin-and-yangshuo-the-ultimate-karst-landscape-guide-for-2026/,Booking,0,NULL,NULL,NULL,166,0.0,0,24,CITY
cbt-bf4ec5e57a07,https://www.chinaboundtravel.com/posts/guilin-and-yangshuo-the-ultimate-karst-landscape-guide-for-2026/,Klook,0,NULL,NULL,NULL,166,0.0,0,24,CITY
cbt-34777b6c17c1,https://www.chinaboundtravel.com/posts/zhangjiajie-avatar-mountains-complete-guide-to-chinas-most-spectacular-park/,Airalo,0,NULL,NULL,NULL,166,0.0,0,20,TOUR
cbt-34777b6c17c1,https://www.chinaboundtravel.com/posts/zhangjiajie-avatar-mountains-complete-guide-to-chinas-most-spectacular-park/,Aviasales,0,NULL,NULL,NULL,166,0.0,0,20,TOUR
cbt-34777b6c17c1,https://www.chinaboundtravel.com/posts/zhangjiajie-avatar-mountains-complete-guide-to-chinas-most-spectacular-park/,Booking,0,NULL,NULL,NULL,166,0.0,0,20,TOUR
cbt-34777b6c17c1,https://www.chinaboundtravel.com/posts/zhangjiajie-avatar-mountains-complete-guide-to-chinas-most-spectacular-park/,Klook,0,NULL,NULL,NULL,166,0.0,0,20,TOUR
cbt-34777b6c17c1,https://www.chinaboundtravel.com/posts/zhangjiajie-avatar-mountains-complete-guide-to-chinas-most-spectacular-park/,NordVPN,0,NULL,NULL,NULL,166,0.0,0,20,TOUR
cbt-34777b6c17c1,https://www.chinaboundtravel.com/posts/zhangjiajie-avatar-mountains-complete-guide-to-chinas-most-spectacular-park/,SafetyWing,0,NULL,NULL,NULL,166,0.0,0,20,TOUR
cbt-9e2f5ffa1b6d,https://www.chinaboundtravel.com/posts/accommodation-tips-guide/,Booking,0,NULL,NULL,NULL,166,0.0,0,17,HOTEL
cbt-9e2f5ffa1b6d,https://www.chinaboundtravel.com/posts/accommodation-tips-guide/,Klook,0,NULL,NULL,NULL,166,0.0,0,17,HOTEL
cbt-9e2f5ffa1b6d,https://www.chinaboundtravel.com/posts/accommodation-tips-guide/,SafetyWing,0,NULL,NULL,NULL,166,0.0,0,17,HOTEL
cbt-cfd5d7b39f09,https://www.chinaboundtravel.com/posts/chinese-language-survival-phrases-guide/,Airalo,0,NULL,NULL,NULL,166,0.0,0,11,GENERAL
cbt-cfd5d7b39f09,https://www.chinaboundtravel.com/posts/chinese-language-survival-phrases-guide/,Aviasales,0,NULL,NULL,NULL,166,0.0,0,11,GENERAL
cbt-cfd5d7b39f09,https://www.chinaboundtravel.com/posts/chinese-language-survival-phrases-guide/,Booking,0,NULL,NULL,NULL,166,0.0,0,11,GENERAL
cbt-cfd5d7b39f09,https://www.chinaboundtravel.com/posts/chinese-language-survival-phrases-guide/,Klook,0,NULL,NULL,NULL,166,0.0,0,11,GENERAL
cbt-cfd5d7b39f09,https://www.chinaboundtravel.com/posts/chinese-language-survival-phrases-guide/,NordVPN,0,NULL,NULL,NULL,166,0.0,0,11,GENERAL
cbt-cfd5d7b39f09,https://www.chinaboundtravel.com/posts/chinese-language-survival-phrases-guide/,SafetyWing,0,NULL,NULL,NULL,166,0.0,0,11,GENERAL
cbt-302467d853db,https://www.chinaboundtravel.com/posts/shanghai-bund-french-concession-2-day-guide/,Aviasales,0,NULL,NULL,NULL,166,0.0,0,11,CITY
cbt-302467d853db,https://www.chinaboundtravel.com/posts/shanghai-bund-french-concession-2-day-guide/,Booking,0,NULL,NULL,NULL,166,0.0,0,11,CITY
cbt-302467d853db,https://www.chinaboundtravel.com/posts/shanghai-bund-french-concession-2-day-guide/,Klook,0,NULL,NULL,NULL,166,0.0,0,11,CITY
cbt-302467d853db,https://www.chinaboundtravel.com/posts/shanghai-bund-french-concession-2-day-guide/,Trip.com,0,NULL,NULL,NULL,166,0.0,0,11,CITY
cbt-550a6e3e929c,https://www.chinaboundtravel.com/posts/sichuan-hotpot-guide-history-best-restaurants-and-cultural-significance/,Airalo,0,NULL,NULL,NULL,166,0.0,0,11,FOOD
cbt-550a6e3e929c,https://www.chinaboundtravel.com/posts/sichuan-hotpot-guide-history-best-restaurants-and-cultural-significance/,Aviasales,0,NULL,NULL,NULL,166,0.0,0,11,FOOD
cbt-550a6e3e929c,https://www.chinaboundtravel.com/posts/sichuan-hotpot-guide-history-best-restaurants-and-cultural-significance/,Booking,0,NULL,NULL,NULL,166,0.0,0,11,FOOD
cbt-550a6e3e929c,https://www.chinaboundtravel.com/posts/sichuan-hotpot-guide-history-best-restaurants-and-cultural-significance/,Klook,0,NULL,NULL,NULL,166,0.0,0,11,FOOD
cbt-550a6e3e929c,https://www.chinaboundtravel.com/posts/sichuan-hotpot-guide-history-best-restaurants-and-cultural-significance/,NordVPN,0,NULL,NULL,NULL,166,0.0,0,11,FOOD
cbt-550a6e3e929c,https://www.chinaboundtravel.com/posts/sichuan-hotpot-guide-history-best-restaurants-and-cultural-significance/,SafetyWing,0,NULL,NULL,NULL,166,0.0,0,11,FOOD
cbt-57d0b0208d3b,https://www.chinaboundtravel.com/posts/is-china-safe-for-tourists-2026-honest-safety-assessment/,Aviasales,0,NULL,NULL,NULL,166,0.0,0,7,TOUR
cbt-57d0b0208d3b,https://www.chinaboundtravel.com/posts/is-china-safe-for-tourists-2026-honest-safety-assessment/,Booking,0,NULL,NULL,NULL,166,0.0,0,7,TOUR
cbt-57d0b0208d3b,https://www.chinaboundtravel.com/posts/is-china-safe-for-tourists-2026-honest-safety-assessment/,Klook,0,NULL,NULL,NULL,166,0.0,0,7,TOUR
cbt-57d0b0208d3b,https://www.chinaboundtravel.com/posts/is-china-safe-for-tourists-2026-honest-safety-assessment/,SafetyWing,0,NULL,NULL,NULL,166,0.0,0,7,TOUR
cbt-c59607760fee,https://www.chinaboundtravel.com/posts/chinese-street-food-a-first-timers-guide-to-night-markets-and-street-stalls/,Airalo,0,NULL,NULL,NULL,166,0.0,0,6,FOOD
cbt-c59607760fee,https://www.chinaboundtravel.com/posts/chinese-street-food-a-first-timers-guide-to-night-markets-and-street-stalls/,Klook,0,NULL,NULL,NULL,166,0.0,0,6,FOOD
cbt-663ab3f3b0fa,https://www.chinaboundtravel.com/posts/shanghai-beyond-the-bund-hidden-neighborhoods-and-local-culture/,Airalo,0,NULL,NULL,NULL,166,0.0,1,2,CITY
cbt-663ab3f3b0fa,https://www.chinaboundtravel.com/posts/shanghai-beyond-the-bund-hidden-neighborhoods-and-local-culture/,Aviasales,0,NULL,NULL,NULL,166,0.0,1,2,CITY
cbt-663ab3f3b0fa,https://www.chinaboundtravel.com/posts/shanghai-beyond-the-bund-hidden-neighborhoods-and-local-culture/,Booking,0,NULL,NULL,NULL,166,0.0,1,2,CITY
cbt-663ab3f3b0fa,https://www.chinaboundtravel.com/posts/shanghai-beyond-the-bund-hidden-neighborhoods-and-local-culture/,Klook,0,NULL,NULL,NULL,166,0.0,1,2,CITY
cbt-663ab3f3b0fa,https://www.chinaboundtravel.com/posts/shanghai-beyond-the-bund-hidden-neighborhoods-and-local-culture/,NordVPN,0,NULL,NULL,NULL,166,0.0,1,2,CITY
cbt-663ab3f3b0fa,https://www.chinaboundtravel.com/posts/shanghai-beyond-the-bund-hidden-neighborhoods-and-local-culture/,SafetyWing,0,NULL,NULL,NULL,166,0.0,1,2,CITY
cbt-277de627eb2d,https://www.chinaboundtravel.com/posts/hangzhou-west-lake-tea-culture-g20-guide/,Airalo,0,NULL,NULL,NULL,166,0.0,0,1,CITY
cbt-277de627eb2d,https://www.chinaboundtravel.com/posts/hangzhou-west-lake-tea-culture-g20-guide/,Aviasales,0,NULL,NULL,NULL,166,0.0,0,1,CITY
cbt-277de627eb2d,https://www.chinaboundtravel.com/posts/hangzhou-west-lake-tea-culture-g20-guide/,Booking,0,NULL,NULL,NULL,166,0.0,0,1,CITY
cbt-277de627eb2d,https://www.chinaboundtravel.com/posts/hangzhou-west-lake-tea-culture-g20-guide/,Klook,0,NULL,NULL,NULL,166,0.0,0,1,CITY
cbt-277de627eb2d,https://www.chinaboundtravel.com/posts/hangzhou-west-lake-tea-culture-g20-guide/,Trip.com,0,NULL,NULL,NULL,166,0.0,0,1,CITY
cbt-ae69cb9f84b0,https://www.chinaboundtravel.com/posts/how-to-use-alipay-as-a-foreigner-complete-setup-guide-2026/,Airalo,0,NULL,NULL,NULL,166,0.0,0,1,PAYMENT
cbt-ae69cb9f84b0,https://www.chinaboundtravel.com/posts/how-to-use-alipay-as-a-foreigner-complete-setup-guide-2026/,Aviasales,0,NULL,NULL,NULL,166,0.0,0,1,PAYMENT
cbt-ae69cb9f84b0,https://www.chinaboundtravel.com/posts/how-to-use-alipay-as-a-foreigner-complete-setup-guide-2026/,Booking,0,NULL,NULL,NULL,166,0.0,0,1,PAYMENT
cbt-ae69cb9f84b0,https://www.chinaboundtravel.com/posts/how-to-use-alipay-as-a-foreigner-complete-setup-guide-2026/,Klook,0,NULL,NULL,NULL,166,0.0,0,1,PAYMENT
cbt-ae69cb9f84b0,https://www.chinaboundtravel.com/posts/how-to-use-alipay-as-a-foreigner-complete-setup-guide-2026/,NordVPN,0,NULL,NULL,NULL,166,0.0,0,1,PAYMENT
cbt-ae69cb9f84b0,https://www.chinaboundtravel.com/posts/how-to-use-alipay-as-a-foreigner-complete-setup-guide-2026/,SafetyWing,0,NULL,NULL,NULL,166,0.0,0,1,PAYMENT
cbt-255af4ed003a,https://www.chinaboundtravel.com/posts/wechat-pay-for-foreigners-step-by-step-setup-and-common-mistakes-to-avoid-guide/,Airalo,0,NULL,NULL,NULL,166,0.0,0,1,PAYMENT
cbt-255af4ed003a,https://www.chinaboundtravel.com/posts/wechat-pay-for-foreigners-step-by-step-setup-and-common-mistakes-to-avoid-guide/,Aviasales,0,NULL,NULL,NULL,166,0.0,0,1,PAYMENT
cbt-255af4ed003a,https://www.chinaboundtravel.com/posts/wechat-pay-for-foreigners-step-by-step-setup-and-common-mistakes-to-avoid-guide/,Booking,0,NULL,NULL,NULL,166,0.0,0,1,PAYMENT
cbt-255af4ed003a,https://www.chinaboundtravel.com/posts/wechat-pay-for-foreigners-step-by-step-setup-and-common-mistakes-to-avoid-guide/,Klook,0,NULL,NULL,NULL,166,0.0,0,1,PAYMENT
cbt-255af4ed003a,https://www.chinaboundtravel.com/posts/wechat-pay-for-foreigners-step-by-step-setup-and-common-mistakes-to-avoid-guide/,NordVPN,0,NULL,NULL,NULL,166,0.0,0,1,PAYMENT
cbt-255af4ed003a,https://www.chinaboundtravel.com/posts/wechat-pay-for-foreigners-step-by-step-setup-and-common-mistakes-to-avoid-guide/,SafetyWing,0,NULL,NULL,NULL,166,0.0,0,1,PAYMENT
cbt-d7747b73c978,https://www.chinaboundtravel.com/posts/xian-terracotta-army-history-discovery-and-insider-tips/,Airalo,0,NULL,NULL,NULL,166,0.0,0,1,CITY
cbt-d7747b73c978,https://www.chinaboundtravel.com/posts/xian-terracotta-army-history-discovery-and-insider-tips/,Aviasales,0,NULL,NULL,NULL,166,0.0,0,1,CITY
cbt-d7747b73c978,https://www.chinaboundtravel.com/posts/xian-terracotta-army-history-discovery-and-insider-tips/,Booking,0,NULL,NULL,NULL,166,0.0,0,1,CITY
cbt-d7747b73c978,https://www.chinaboundtravel.com/posts/xian-terracotta-army-history-discovery-and-insider-tips/,Klook,0,NULL,NULL,NULL,166,0.0,0,1,CITY
cbt-d7747b73c978,https://www.chinaboundtravel.com/posts/xian-terracotta-army-history-discovery-and-insider-tips/,NordVPN,0,NULL,NULL,NULL,166,0.0,0,1,CITY
cbt-d7747b73c978,https://www.chinaboundtravel.com/posts/xian-terracotta-army-history-discovery-and-insider-tips/,SafetyWing,0,NULL,NULL,NULL,166,0.0,0,1,CITY
cbt-c885da2cf5d9,https://www.chinaboundtravel.com/posts/7-day-china-itinerary-beijing-xian-shanghai-first-timers/,Airalo,0,NULL,NULL,NULL,166,0.0,0,0,TOUR
cbt-c885da2cf5d9,https://www.chinaboundtravel.com/posts/7-day-china-itinerary-beijing-xian-shanghai-first-timers/,Aviasales,0,NULL,NULL,NULL,166,0.0,0,0,TOUR
cbt-c885da2cf5d9,https://www.chinaboundtravel.com/posts/7-day-china-itinerary-beijing-xian-shanghai-first-timers/,Booking,0,NULL,NULL,NULL,166,0.0,0,0,TOUR
cbt-c885da2cf5d9,https://www.chinaboundtravel.com/posts/7-day-china-itinerary-beijing-xian-shanghai-first-timers/,Klook,0,NULL,NULL,NULL,166,0.0,0,0,TOUR
cbt-0adceab18b53,https://www.chinaboundtravel.com/posts/alipay-for-foreigners-guide/,NONE,0,NULL,NULL,NULL,166,0.0,0,0,PAYMENT
cbt-07563e9b51cc,https://www.chinaboundtravel.com/posts/alipay-wechat-pay-foreigners-guide/,Airalo,0,NULL,NULL,NULL,166,0.0,0,0,PAYMENT
cbt-07563e9b51cc,https://www.chinaboundtravel.com/posts/alipay-wechat-pay-foreigners-guide/,Aviasales,0,NULL,NULL,NULL,166,0.0,0,0,PAYMENT
cbt-07563e9b51cc,https://www.chinaboundtravel.com/posts/alipay-wechat-pay-foreigners-guide/,Booking,0,NULL,NULL,NULL,166,0.0,0,0,PAYMENT
cbt-07563e9b51cc,https://www.chinaboundtravel.com/posts/alipay-wechat-pay-foreigners-guide/,Klook,0,NULL,NULL,NULL,166,0.0,0,0,PAYMENT
cbt-07563e9b51cc,https://www.chinaboundtravel.com/posts/alipay-wechat-pay-foreigners-guide/,NordVPN,0,NULL,NULL,NULL,166,0.0,0,0,PAYMENT
cbt-07563e9b51cc,https://www.chinaboundtravel.com/posts/alipay-wechat-pay-foreigners-guide/,SafetyWing,0,NULL,NULL,NULL,166,0.0,0,0,PAYMENT
cbt-d701fb08eb7b,https://www.chinaboundtravel.com/posts/best-travel-insurance-china/,Airalo,0,NULL,NULL,NULL,166,0.0,0,0,INSURANCE
cbt-d701fb08eb7b,https://www.chinaboundtravel.com/posts/best-travel-insurance-china/,Allianz,0,NULL,NULL,NULL,166,0.0,0,0,INSURANCE
cbt-d701fb08eb7b,https://www.chinaboundtravel.com/posts/best-travel-insurance-china/,Aviasales,0,NULL,NULL,NULL,166,0.0,0,0,INSURANCE
cbt-d701fb08eb7b,https://www.chinaboundtravel.com/posts/best-travel-insurance-china/,Klook,0,NULL,NULL,NULL,166,0.0,0,0,INSURANCE
cbt-d701fb08eb7b,https://www.chinaboundtravel.com/posts/best-travel-insurance-china/,SafetyWing,0,NULL,NULL,NULL,166,0.0,0,0,INSURANCE
cbt-d701fb08eb7b,https://www.chinaboundtravel.com/posts/best-travel-insurance-china/,World Nomads,0,NULL,NULL,NULL,166,0.0,0,0,INSURANCE
cbt-02a3e0d6ed4f,https://www.chinaboundtravel.com/posts/china-airport-transfer-guide/,Airalo,0,NULL,NULL,NULL,166,0.0,0,0,CITY
cbt-02a3e0d6ed4f,https://www.chinaboundtravel.com/posts/china-airport-transfer-guide/,Booking,0,NULL,NULL,NULL,166,0.0,0,0,CITY
cbt-02a3e0d6ed4f,https://www.chinaboundtravel.com/posts/china-airport-transfer-guide/,Klook,0,NULL,NULL,NULL,166,0.0,0,0,CITY
cbt-02a3e0d6ed4f,https://www.chinaboundtravel.com/posts/china-airport-transfer-guide/,Trip.com,0,NULL,NULL,NULL,166,0.0,0,0,CITY
cbt-74e8424894c4,https://www.chinaboundtravel.com/posts/china-bargaining-and-shopping-guide/,NONE,0,NULL,NULL,NULL,166,0.0,0,0,GENERAL
cbt-49088019c529,https://www.chinaboundtravel.com/posts/china-family-travel-tips-a-californians-guide/,NONE,0,NULL,NULL,NULL,166,0.0,0,0,GENERAL
cbt-cc4549872c92,https://www.chinaboundtravel.com/posts/china-high-speed-rail-how-to-book-tickets/,Airalo,0,NULL,NULL,NULL,166,0.0,0,0,TRAIN
cbt-cc4549872c92,https://www.chinaboundtravel.com/posts/china-high-speed-rail-how-to-book-tickets/,Aviasales,0,NULL,NULL,NULL,166,0.0,0,0,TRAIN
cbt-cc4549872c92,https://www.chinaboundtravel.com/posts/china-high-speed-rail-how-to-book-tickets/,Klook,0,NULL,NULL,NULL,166,0.0,0,0,TRAIN
cbt-cc4549872c92,https://www.chinaboundtravel.com/posts/china-high-speed-rail-how-to-book-tickets/,SafetyWing,0,NULL,NULL,NULL,166,0.0,0,0,TRAIN
cbt-cc4549872c92,https://www.chinaboundtravel.com/posts/china-high-speed-rail-how-to-book-tickets/,Trip.com,0,NULL,NULL,NULL,166,0.0,0,0,TRAIN
cbt-4e09fa4aa93d,https://www.chinaboundtravel.com/posts/china-high-speed-train-survival-guide-booking-classes-and-insider-tips/,Aviasales,0,NULL,NULL,NULL,166,0.0,0,0,TRAIN
cbt-4e09fa4aa93d,https://www.chinaboundtravel.com/posts/china-high-speed-train-survival-guide-booking-classes-and-insider-tips/,Booking,0,NULL,NULL,NULL,166,0.0,0,0,TRAIN
cbt-4e09fa4aa93d,https://www.chinaboundtravel.com/posts/china-high-speed-train-survival-guide-booking-classes-and-insider-tips/,Klook,0,NULL,NULL,NULL,166,0.0,0,0,TRAIN
cbt-0bb1cb1e308d,https://www.chinaboundtravel.com/posts/china-national-parks-zhangjiajie-jiuzhaigou-and-beyond-guide/,NONE,0,NULL,NULL,NULL,166,0.0,0,0,CITY
cbt-932a277b1899,https://www.chinaboundtravel.com/posts/china-packing-list-2026-what-to-bring-and-what-to-leave-at-home/,NONE,0,NULL,NULL,NULL,166,0.0,0,0,GENERAL
cbt-92448be1e0ca,https://www.chinaboundtravel.com/posts/china-remote-work-guide-a-californians-5-year-chengdu-experience/,Airalo,0,NULL,NULL,NULL,166,0.0,0,0,CITY
cbt-92448be1e0ca,https://www.chinaboundtravel.com/posts/china-remote-work-guide-a-californians-5-year-chengdu-experience/,Aviasales,0,NULL,NULL,NULL,166,0.0,0,0,CITY
cbt-92448be1e0ca,https://www.chinaboundtravel.com/posts/china-remote-work-guide-a-californians-5-year-chengdu-experience/,Booking,0,NULL,NULL,NULL,166,0.0,0,0,CITY
cbt-92448be1e0ca,https://www.chinaboundtravel.com/posts/china-remote-work-guide-a-californians-5-year-chengdu-experience/,Klook,0,NULL,NULL,NULL,166,0.0,0,0,CITY
cbt-92448be1e0ca,https://www.chinaboundtravel.com/posts/china-remote-work-guide-a-californians-5-year-chengdu-experience/,NordVPN,0,NULL,NULL,NULL,166,0.0,0,0,CITY
cbt-92448be1e0ca,https://www.chinaboundtravel.com/posts/china-remote-work-guide-a-californians-5-year-chengdu-experience/,SafetyWing,0,NULL,NULL,NULL,166,0.0,0,0,CITY
cbt-55aef784e6aa,https://www.chinaboundtravel.com/posts/china-transportation-card-guide/,Airalo,0,NULL,NULL,NULL,166,0.0,0,0,VISA
cbt-55aef784e6aa,https://www.chinaboundtravel.com/posts/china-transportation-card-guide/,Booking,0,NULL,NULL,NULL,166,0.0,0,0,VISA
cbt-55aef784e6aa,https://www.chinaboundtravel.com/posts/china-transportation-card-guide/,Klook,0,NULL,NULL,NULL,166,0.0,0,0,VISA
cbt-55aef784e6aa,https://www.chinaboundtravel.com/posts/china-transportation-card-guide/,Trip.com,0,NULL,NULL,NULL,166,0.0,0,0,VISA
cbt-95d9a1b95440,https://www.chinaboundtravel.com/posts/chinabound-travel-guide-2026-07-monthly-update/,Booking,0,NULL,NULL,NULL,166,0.0,0,0,VISA
cbt-95d9a1b95440,https://www.chinaboundtravel.com/posts/chinabound-travel-guide-2026-07-monthly-update/,Klook,0,NULL,NULL,NULL,166,0.0,0,0,VISA
cbt-95d9a1b95440,https://www.chinaboundtravel.com/posts/chinabound-travel-guide-2026-07-monthly-update/,SafetyWing,0,NULL,NULL,NULL,166,0.0,0,0,VISA
cbt-067675763415,https://www.chinaboundtravel.com/posts/chinas-food-through-the-ages-guide/,NONE,0,NULL,NULL,NULL,166,0.0,0,0,FOOD
cbt-698862ce2129,https://www.chinaboundtravel.com/posts/chinese-tea-culture-history-types-and-tea-ceremony-guide/,Airalo,0,NULL,NULL,NULL,166,0.0,0,0,GENERAL
cbt-698862ce2129,https://www.chinaboundtravel.com/posts/chinese-tea-culture-history-types-and-tea-ceremony-guide/,Aviasales,0,NULL,NULL,NULL,166,0.0,0,0,GENERAL
cbt-698862ce2129,https://www.chinaboundtravel.com/posts/chinese-tea-culture-history-types-and-tea-ceremony-guide/,Booking,0,NULL,NULL,NULL,166,0.0,0,0,GENERAL
cbt-698862ce2129,https://www.chinaboundtravel.com/posts/chinese-tea-culture-history-types-and-tea-ceremony-guide/,Klook,0,NULL,NULL,NULL,166,0.0,0,0,GENERAL
cbt-698862ce2129,https://www.chinaboundtravel.com/posts/chinese-tea-culture-history-types-and-tea-ceremony-guide/,NordVPN,0,NULL,NULL,NULL,166,0.0,0,0,GENERAL
cbt-698862ce2129,https://www.chinaboundtravel.com/posts/chinese-tea-culture-history-types-and-tea-ceremony-guide/,SafetyWing,0,NULL,NULL,NULL,166,0.0,0,0,GENERAL
cbt-034b43ef5e3a,https://www.chinaboundtravel.com/posts/chinese-tea-culture-where-to-experience-authentic-teahouses/,NONE,0,NULL,NULL,NULL,166,0.0,0,0,GENERAL
cbt-0953b5433c00,https://www.chinaboundtravel.com/posts/cultural-etiquette-guide/,NONE,0,NULL,NULL,NULL,166,0.0,0,0,GENERAL
cbt-6a164e0e8077,https://www.chinaboundtravel.com/posts/dude-wheres-my-panda-a-beijing-guys-guide-to-the-c/,Airalo,0,NULL,NULL,NULL,166,0.0,0,0,TOUR
cbt-6a164e0e8077,https://www.chinaboundtravel.com/posts/dude-wheres-my-panda-a-beijing-guys-guide-to-the-c/,Aviasales,0,NULL,NULL,NULL,166,0.0,0,0,TOUR
cbt-6a164e0e8077,https://www.chinaboundtravel.com/posts/dude-wheres-my-panda-a-beijing-guys-guide-to-the-c/,Booking,0,NULL,NULL,NULL,166,0.0,0,0,TOUR
cbt-6a164e0e8077,https://www.chinaboundtravel.com/posts/dude-wheres-my-panda-a-beijing-guys-guide-to-the-c/,Klook,0,NULL,NULL,NULL,166,0.0,0,0,TOUR
cbt-6a164e0e8077,https://www.chinaboundtravel.com/posts/dude-wheres-my-panda-a-beijing-guys-guide-to-the-c/,SafetyWing,0,NULL,NULL,NULL,166,0.0,0,0,TOUR
cbt-1005a037234b,https://www.chinaboundtravel.com/posts/food-recommendations-guide/,Airalo,0,NULL,NULL,NULL,166,0.0,0,0,FOOD
cbt-1005a037234b,https://www.chinaboundtravel.com/posts/food-recommendations-guide/,Aviasales,0,NULL,NULL,NULL,166,0.0,0,0,FOOD
cbt-1005a037234b,https://www.chinaboundtravel.com/posts/food-recommendations-guide/,Booking,0,NULL,NULL,NULL,166,0.0,0,0,FOOD
cbt-1005a037234b,https://www.chinaboundtravel.com/posts/food-recommendations-guide/,Klook,0,NULL,NULL,NULL,166,0.0,0,0,FOOD
cbt-1005a037234b,https://www.chinaboundtravel.com/posts/food-recommendations-guide/,NordVPN,0,NULL,NULL,NULL,166,0.0,0,0,FOOD
cbt-1005a037234b,https://www.chinaboundtravel.com/posts/food-recommendations-guide/,SafetyWing,0,NULL,NULL,NULL,166,0.0,0,0,FOOD
cbt-6f28480baea0,https://www.chinaboundtravel.com/posts/how-to-survive-chinese-train-station/,Airalo,0,NULL,NULL,NULL,166,0.0,0,0,TRAIN
cbt-6f28480baea0,https://www.chinaboundtravel.com/posts/how-to-survive-chinese-train-station/,Aviasales,0,NULL,NULL,NULL,166,0.0,0,0,TRAIN
cbt-6f28480baea0,https://www.chinaboundtravel.com/posts/how-to-survive-chinese-train-station/,Klook,0,NULL,NULL,NULL,166,0.0,0,0,TRAIN
cbt-a349eee78670,https://www.chinaboundtravel.com/posts/internet-connection-china-esim-vpn-guide/,Airalo,0,NULL,NULL,NULL,166,0.0,0,0,INTERNET
cbt-a349eee78670,https://www.chinaboundtravel.com/posts/internet-connection-china-esim-vpn-guide/,Aviasales,0,NULL,NULL,NULL,166,0.0,0,0,INTERNET
cbt-a349eee78670,https://www.chinaboundtravel.com/posts/internet-connection-china-esim-vpn-guide/,Booking,0,NULL,NULL,NULL,166,0.0,0,0,INTERNET
cbt-a349eee78670,https://www.chinaboundtravel.com/posts/internet-connection-china-esim-vpn-guide/,Klook,0,NULL,NULL,NULL,166,0.0,0,0,INTERNET
cbt-a349eee78670,https://www.chinaboundtravel.com/posts/internet-connection-china-esim-vpn-guide/,SafetyWing,0,NULL,NULL,NULL,166,0.0,0,0,INTERNET
cbt-673e981fe6f2,https://www.chinaboundtravel.com/posts/is-china-safe-for-tourists-2026-honest-assessment/,Airalo,0,NULL,NULL,NULL,166,0.0,0,0,TOUR
cbt-673e981fe6f2,https://www.chinaboundtravel.com/posts/is-china-safe-for-tourists-2026-honest-assessment/,Aviasales,0,NULL,NULL,NULL,166,0.0,0,0,TOUR
cbt-673e981fe6f2,https://www.chinaboundtravel.com/posts/is-china-safe-for-tourists-2026-honest-assessment/,Booking,0,NULL,NULL,NULL,166,0.0,0,0,TOUR
cbt-673e981fe6f2,https://www.chinaboundtravel.com/posts/is-china-safe-for-tourists-2026-honest-assessment/,Klook,0,NULL,NULL,NULL,166,0.0,0,0,TOUR
cbt-673e981fe6f2,https://www.chinaboundtravel.com/posts/is-china-safe-for-tourists-2026-honest-assessment/,SafetyWing,0,NULL,NULL,NULL,166,0.0,0,0,TOUR
cbt-abb64a856c29,https://www.chinaboundtravel.com/posts/paypal-alipay-wechat-pay-qr-code-support/,Airalo,0,NULL,NULL,NULL,166,0.0,0,0,PAYMENT
cbt-abb64a856c29,https://www.chinaboundtravel.com/posts/paypal-alipay-wechat-pay-qr-code-support/,Aviasales,0,NULL,NULL,NULL,166,0.0,0,0,PAYMENT
cbt-abb64a856c29,https://www.chinaboundtravel.com/posts/paypal-alipay-wechat-pay-qr-code-support/,Booking,0,NULL,NULL,NULL,166,0.0,0,0,PAYMENT
cbt-abb64a856c29,https://www.chinaboundtravel.com/posts/paypal-alipay-wechat-pay-qr-code-support/,Klook,0,NULL,NULL,NULL,166,0.0,0,0,PAYMENT
cbt-bc3e1afe5dc0,https://www.chinaboundtravel.com/posts/shanghai-vs-beijing-which-chinese-city-should-you-visit-first-guide/,NONE,0,NULL,NULL,NULL,166,0.0,0,0,CITY
cbt-558f85f45e9a,https://www.chinaboundtravel.com/posts/the-history-and-culture-of-the-great-wall-beyond-the-tourist-trail-guide/,Airalo,0,NULL,NULL,NULL,166,0.0,0,0,TRAIN
cbt-558f85f45e9a,https://www.chinaboundtravel.com/posts/the-history-and-culture-of-the-great-wall-beyond-the-tourist-trail-guide/,Aviasales,0,NULL,NULL,NULL,166,0.0,0,0,TRAIN
cbt-558f85f45e9a,https://www.chinaboundtravel.com/posts/the-history-and-culture-of-the-great-wall-beyond-the-tourist-trail-guide/,Booking,0,NULL,NULL,NULL,166,0.0,0,0,TRAIN
cbt-558f85f45e9a,https://www.chinaboundtravel.com/posts/the-history-and-culture-of-the-great-wall-beyond-the-tourist-trail-guide/,Klook,0,NULL,NULL,NULL,166,0.0,0,0,TRAIN
cbt-558f85f45e9a,https://www.chinaboundtravel.com/posts/the-history-and-culture-of-the-great-wall-beyond-the-tourist-trail-guide/,NordVPN,0,NULL,NULL,NULL,166,0.0,0,0,TRAIN
cbt-558f85f45e9a,https://www.chinaboundtravel.com/posts/the-history-and-culture-of-the-great-wall-beyond-the-tourist-trail-guide/,SafetyWing,0,NULL,NULL,NULL,166,0.0,0,0,TRAIN
cbt-73f33c49bc51,https://www.chinaboundtravel.com/posts/ultimate-guide-to-china-visa-for-tourists/,Aviasales,0,NULL,NULL,NULL,166,0.0,0,0,VISA
cbt-73f33c49bc51,https://www.chinaboundtravel.com/posts/ultimate-guide-to-china-visa-for-tourists/,Booking,0,NULL,NULL,NULL,166,0.0,0,0,VISA
cbt-73f33c49bc51,https://www.chinaboundtravel.com/posts/ultimate-guide-to-china-visa-for-tourists/,Klook,0,NULL,NULL,NULL,166,0.0,0,0,VISA
cbt-73f33c49bc51,https://www.chinaboundtravel.com/posts/ultimate-guide-to-china-visa-for-tourists/,SafetyWing,0,NULL,NULL,NULL,166,0.0,0,0,VISA
