﻿﻿﻿﻿﻿﻿﻿﻿﻿﻿﻿﻿﻿﻿﻿﻿﻿title,summary,link,topic,keywords,image_path,target_platforms
"How to Use WeChat Pay as a Foreigner","Step-by-step guide for foreigners to set up and use WeChat Pay in China. No Chinese bank account needed. 2026 updated.","https://chinaboundtravel.com/posts/how-to-use-wechat-pay-as-a-foreigner/","payment","wechat pay, mobile payment china, foreigners china, alipay alternative","/img/china-dest/general/2026-05-22-how-to-use-wechat-pay-as-a-foreigner.webp","reddit,quora,pinterest,medium"
"China High-Speed Rail: How to Book Tickets","Complete guide to booking China high-speed rail tickets online. Trip.com vs 12306 comparison. Tips from a 200+ train rides veteran.","https://chinaboundtravel.com/posts/china-high-speed-rail-how-to-book-tickets/","transportation","china train booking, high speed rail, CRH, china transportation, train tickets","/img/china-dest/general/2026-05-25-china-high-speed-rail-how-to-book-tickets.jpg","reddit,quora,pinterest,medium"
"144-Hour Visa-Free Transit Guide","Everything you need to know about China's 144-hour visa-free transit policy. Which cities, requirements, and tips for making the most of it.","https://chinaboundtravel.com/posts/144-hour-visa-free-transit-guide/","visa","china visa free, 144 hour visa, transit visa china, china travel requirements","/img/china-dest/general/144-hour-visa-free-transit-guide.jpg","reddit,quora,pinterest,medium"
"Internet in China: eSIM vs VPN Guide","Stay connected in China: comprehensive guide to eSIM, local SIM cards, and VPN services. 2026 tested recommendations.","https://chinaboundtravel.com/posts/internet-connection-china-esim-vpn-guide/","internet","china vpn, esim china, internet access china, china wifi, travel technology","/img/china-dest/general/internet-connection-china-esim-vpn-guide.jpg","reddit,quora,pinterest,medium"
"Chengdu Panda Base: Complete Guide","Plan your perfect Chengdu Panda Base visit. Best time to go, how to get there, and secret tips from a local son-in-law.","https://chinaboundtravel.com/posts/chengdu-panda-base-guide/","city_guide","chengdu panda base, panda china, chengdu travel, sichuan pandas, china wildlife","/img/china-dest/chengdu/chengdu-panda-adventure-guide.jpg","reddit,quora,pinterest"
"Alipay for Foreigners: Full Setup Guide","Set up Alipay as a foreigner in 2026. Foreign credit cards accepted! Complete walkthrough with screenshots.","https://chinaboundtravel.com/posts/alipay-wechat-pay-foreigners-guide/","payment","alipay foreigners, alipay setup, china mobile payment, alipay international","/img/china-dest/general/alipay-wechat-pay-foreigners-guide.jpg","reddit,quora,pinterest,medium"
"Shanghai 2-Day Travel Guide","Perfect Shanghai itinerary: The Bund, 原法租界, Yu Garden, and local food spots. Written by someone who actually lives in China.","https://chinaboundtravel.com/posts/shanghai-bund-french-concession-2-day-guide/","city_guide","shanghai travel guide, bund shanghai, 原法租界, shanghai itinerary, china city","/img/china-dest/shanghai/2026-05-25-shanghai-bund-french-concession-2-day-guide.jpg","reddit,quora,pinterest"
"Hangzhou West Lake Tea Culture Guide","Explore Hangzhou's West Lake and learn about authentic Chinese tea culture. G20 summit insights included.","https://chinaboundtravel.com/posts/hangzhou-west-lake-tea-culture-g20-guide/","culture","hangzhou travel, west lake, chinese tea culture, hangzhou itinerary, china culture","/img/china-dest/hangzhou/2026-05-26-hangzhou-west-lake-tea-culture-g20-guide.jpg","reddit,quora,pinterest"
"Western Sichuan Overland Camping Route","7-day overland camping adventure through Western Sichuan. From Chengdu to Litang: peaks, valleys, and Tibetan villages.","https://chinaboundtravel.com/posts/western-sichuan-overland-camping-route/","travel_tips","western sichuan, sichuan camping, china road trip, tibetan plateau, china adventure","/img/china-dest/chengdu/western-sichuan-overland-camping-route.jpg","reddit,pinterest"
"Chinese Food Delivery: Meituan & Ele.me","Order food like a local in China. Complete guide to Meituan and Ele.me apps for foreigners. English interface tips.","https://chinaboundtravel.com/posts/chinese-food-delivery-meituan-eleme-guide/","food","china food delivery, meituan, ele.me, order food china, chinese cuisine","/img/china-dest/general/2026-05-28-chinese-food-delivery-meituan-eleme-guide.jpg","reddit,pinterest"