Task_ID,Platform,Target_URL,Post_Title,Post_Content,Media_Path,Target_Sub,Status
CBT_2026_001,Medium,https://chinaboundtravel.com/posts/7-day-china-first-timer-itinerary-beijing-xian-shanghai/,"7-Day China First Timer Itinerary: Beijing, Xian and Shanghai 2026","Just completed the ultimate 7-day China route: Beijing Forbidden City, Xian Terracotta Army, Shanghai Bund. 10 years of running this route distilled into one honest guide. HSR Beijing to Xian, flight Xian to Shanghai. Full breakdown with costs, logistics, and mistakes to avoid. Full guide at chinaboundtravel.com (link in bio) #ChinaTravel #FirstTimerChina #Beijing #Xian #Shanghai",,,Pending
CBT_2026_002,Pinterest,https://chinaboundtravel.com/posts/7-day-china-first-timer-itinerary-beijing-xian-shanghai/,7-Day China Itinerary Map: Beijing - Xian - Shanghai Route,"Complete visual guide to the ultimate first-timer China route. High-speed rail between cities, Forbidden City sunrise, Terracotta Army deep dive, Shanghai Bund at night. Save this for your trip planning! Full guide with costs and logistics in the link. #ChinaItinerary #ChinaTravelGuide #BeijingToShanghai",D:/ChinaTravel_Assets/images/7day-route-map.jpg,China Travel Guide Board,Pending
CBT_2026_003,Reddit,https://chinaboundtravel.com/posts/7-day-china-first-timer-itinerary-beijing-xian-shanghai/,Ran the Beijing-Xian-Shanghai route 20+ times. Here is the honest 7-day itinerary that actually works.,"**Skip the fluff -- here is what works:**

Day 1-3: Beijing -- Temple of Heaven at 7AM, Forbidden City (3hrs minimum), Jingshan Park for the view, Houhai at night
Day 4: HSR to Xian (4.5hrs, book via 12306 app)
Day 4-5: Terracotta Army (go before 9am), City Wall by bike, Muslim Quarter at night
Day 6-7: Fly to Shanghai, Bund at sunrise, 原法租界 walk

**Costs in 2026:** Budget travelers can do this at $80-120/day. Mid-range $150-250.

Key tips:
- Use Didi, not taxis
- Download ExpressVPN BEFORE arriving
- Activate Alipay TourPASS before your trip

Will drop the detailed cost spreadsheet and hotel recommendations in the comments. Ask me anything.",D:/ChinaTravel_Assets/images/forbidden-city-sunrise.jpg,r/ChinaTravel,Pending
CBT_2026_004,Quora,https://chinaboundtravel.com/posts/7-day-china-first-timer-itinerary-beijing-xian-shanghai/,What is the best 7-day itinerary for a first trip to China?,"The most common mistake first-timers make: trying to cram too much geography. Here is the route I have run with friends and readers for 10 years:

Beijing (3 days) - Xian (2 days) - Shanghai (2 days)

Why this works:
- HSR Beijing to Xian: 4.5 hours
- Flight Xian to Shanghai: 2 hours
- Each city is completely different: Imperial China, Ancient History, Global Finance

Key pro tips:
- Book the Mutianyu section of the Great Wall, not Badaling
- Xian Muslim Quarter roujiamo is the best cheap eat in China
- Shanghai Bund at sunrise is empty and magical

Full day-by-day breakdown, cost table, and what to avoid: https://chinaboundtravel.com",D:/ChinaTravel_Assets/images/china-7day-route.jpg,,Pending
CBT_2026_005,X,https://chinaboundtravel.com/posts/7-day-china-first-timer-itinerary-beijing-xian-shanghai/,China 7-day route that actually works:,"Beijing -> Xian -> Shanghai. 10 years of running this exact route, distilled. Skip Badaling Wall, skip the scams, keep your Alipay ready. Full honest guide in my bio #ChinaTravel",D:/ChinaTravel_Assets/images/china-7day-thumb.jpg,,Pending
CBT_2026_006,FB,https://chinaboundtravel.com/posts/7-day-china-first-timer-itinerary-beijing-xian-shanghai/,The 7-Day China Route That Actually Works (No Fluff),"Just updated my complete first-timer guide to Beijing, Xian, and Shanghai. The route I have run with friends, family, and readers for 10 years. Full cost breakdown, HSR booking tips, what to skip, and what to prioritize. Link in comments! #ChinaTravel #Beijing #Shanghai #Xian #TravelGuide",D:/ChinaTravel_Assets/images/china-7day-cover.jpg,,Pending
CBT_2026_007,Medium,https://chinaboundtravel.com/posts/is-china-safe-for-tourists-2026-honest-assessment/,"Is China Safe in 2026? The Honest Safety Report (No Politics, Just Data)","I have been robbed, scammed, and food-poisoned in China. I have also walked home alone at 3am through Chengdu without a single uncomfortable moment. Here is the actual risk matrix for 2026 -- what is real, what is not, and how to handle both. chinaboundtravel.com (link in bio) #ChinaSafety #TravelSmart #ChinaTravel",,,Pending
CBT_2026_008,Pinterest,https://chinaboundtravel.com/posts/is-china-safe-for-tourists-2026-honest-assessment/,China Safety 2026: The Real Risk Matrix for Tourists,"Is China safe? Short answer: Yes. Longer answer: Here is the actual risk breakdown -- violent crime (near zero), scams (moderate), food safety (fine with adjustment period), medical emergencies (language barrier is the real risk). Save this before your trip. Full guide in the link. #ChinaSafety #ChinaTravelTips",D:/ChinaTravel_Assets/images/china-safety-matrix.jpg,China Travel Safety Board,Pending
CBT_2026_009,Reddit,https://chinaboundtravel.com/posts/is-china-safe-for-tourists-2026-honest-assessment/,"Actual safety risks for tourists in China 2026 -- what is real, what is overblown (10+ years experience)","**The honest safety matrix:**

What actually threatens tourists:
- Violent crime: Near zero. I have never heard of a tourist being mugged in a major city
- Petty theft: Low. Pickpockets on subways during rush hour. Use a money belt
- Scams: Moderate. Teahouse scams, taxi meter refusal. Solvable with Didi and basic awareness
- Food safety: Fine. Give your gut 48hrs adjustment
- Political risk for tourists: Zero. Just do not be stupid

**What no one tells first-timers:**
Your biggest safety risk is traffic. China drives on the right but pedestrian culture is completely different. Look BOTH ways.

I cover this in detail at chinaboundtravel.com -- including the actual hospitals with English staff in each major city. Ask me anything.",D:/ChinaTravel_Assets/images/china-safety-cover.jpg,r/solotravel,Pending
CBT_2026_010,Quora,https://chinaboundtravel.com/posts/is-china-safe-for-tourists-2026-honest-assessment/,Is China safe for American/European tourists in 2026?,"I have been living in and traveling China for 10+ years. Short answer: China is statistically one of the safer major destinations for foreign tourists.

The actual risks:
1. Traffic -- biggest risk, completely different pedestrian culture
2. Petty scams -- teahouse bait-and-switch, taxi drivers
3. GI adjustment -- first 48hrs, go easy on street food
4. Medical emergencies -- language barrier is the real problem, not quality

What is NOT a real risk:
- Violent crime against tourists (extremely rare)
- Political unrest targeting tourists (zero incidents in years)
- Terrorism (heavy security in tourist areas)

Pro tips: Know your hospital before you need it. Download offline maps. Use Didi. Get travel insurance that covers China. Full safety guide: https://chinaboundtravel.com",D:/ChinaTravel_Assets/images/china-safety-quora.jpg,,Pending
CBT_2026_011,X,https://chinaboundtravel.com/posts/is-china-safe-for-tourists-2026-honest-assessment/,China safety breakdown from 10 years on the ground:,Petty scams: Moderate. Violent crime: Near zero. Your biggest risk? Traffic. The data-driven guide to China safety in 2026 (link in bio) #ChinaSafety #ChinaTravel,D:/ChinaTravel_Assets/images/china-safety-thumb.jpg,,Pending
CBT_2026_012,FB,https://chinaboundtravel.com/posts/is-china-safe-for-tourists-2026-honest-assessment/,China Safety 2026: What The headlines do not tell you,"10 years of living in and traveling China -- here is the actual safety picture for 2026. Violent crime against tourists: almost nonexistent. Real risks: traffic (look both ways), scams (use Didi), GI adjustment (ease into street food). The full honest guide in the comments! #ChinaSafety #TravelChina",D:/ChinaTravel_Assets/images/china-safety-fb.jpg,,Pending
CBT_2026_013,Medium,https://chinaboundtravel.com/posts/best-time-to-visit-china-2026-monthly-guide/,The Best Time to Visit China 2026 -- Month-by-Month Guide (Avoiding the Crowds),China does not have one travel season -- it has six climates. Beijing in January is magical and empty. April and October are perfect almost everywhere. And Golden Week (Oct 1-7) is a disaster. Here is the complete month-by-month breakdown. chinaboundtravel.com #ChinaTravel #WhenToVisitChina #TravelPlanning,,,Pending
CBT_2026_014,Pinterest,https://chinaboundtravel.com/posts/best-time-to-visit-china-2026-monthly-guide/,Best Time to Visit China: Monthly Weather and Crowds Guide 2026,China seasonal breakdown: April-May and Sept-October are the Goldilocks zones. January for Beijing snow and Harbin ice. Avoid Oct 1-7 (Golden Week -- 600 million people travel). This chart shows exactly when to go where. Save for trip planning! #ChinaBestTime #ChinaTravelPlanning #ChinaWeather,D:/ChinaTravel_Assets/images/china-monthly-guide.jpg,China Travel Planning Board,Pending
CBT_2026_015,Reddit,https://chinaboundtravel.com/posts/best-time-to-visit-china-2026-monthly-guide/,China month-by-month guide: when to actually go (avoiding Golden Week disaster),"The biggest mistake first-timers make: booking during Golden Week (Oct 1-7) or assuming summer is fine. Here is the actual monthly breakdown:

Best months: Late April, May, September, October (avoid first week of May and all of Golden Week)
Worst: Oct 1-7 (600 million domestic tourists, prices 3x, attractions packed)
Underrated: January (Beijing snow, Harbin ice festival, cheapest flights)

Seasonal guide:
- Beijing: April-May or Sept-Oct ideal; Jan-Feb for winter photography
- Shanghai: April-May or Sept-Oct; avoid summer humidity
- Western Sichuan: May-June for green grasslands; Oct for autumn colors

Will drop my exact flight-booking timing strategy in the comments. Full guide at chinaboundtravel.com.",D:/ChinaTravel_Assets/images/china-seasons-reddit.jpg,r/travel,Pending
CBT_2026_016,Quora,https://chinaboundtravel.com/posts/best-time-to-visit-china-2026-monthly-guide/,What is the best month to visit China?,"It depends entirely on where you are going:

For Beijing: April-May or September-October. January has stunning snow but temps drop to -10C.
For Shanghai: Same windows. Summer is hot and humid (35C+) -- avoid intensive sightseeing.
For Western Sichuan/Yunnan: May-June (green season) or October (autumn foliage)
For Harbin: December-February only -- the Ice Festival is world-class.

The universal avoid: October 1-7 (Golden Week). Over 600 million domestic travelers. Everything books up. Prices triple.

The underrated window: Mid-January. Flights from the US drop 40%. Beijing is empty. The Forbidden City in January snow is a bucket-list experience.

Full month-by-month breakdown: https://chinaboundtravel.com",D:/ChinaTravel_Assets/images/china-best-month.jpg,,Pending
CBT_2026_017,X,https://chinaboundtravel.com/posts/best-time-to-visit-china-2026-monthly-guide/,When to book your China trip (the timing guide):,"April-May or Sept-Oct = perfect everywhere. Jan = cheap + Beijing snow. Oct 1-7 = DO NOT (600M domestic tourists, 3x prices). The full monthly breakdown in bio #ChinaTravel #TravelTips",D:/ChinaTravel_Assets/images/china-timing-thumb.jpg,,Pending
CBT_2026_018,FB,https://chinaboundtravel.com/posts/best-time-to-visit-china-2026-monthly-guide/,The month that actually matters for your China trip,"Skip the Golden Week October trip unless you enjoy crowds 10-deep at the Great Wall. Here is when to actually go: April, May, September, or October (after the 7th). The full monthly guide in the link! #ChinaTravelPlanning #BestTimeToVisitChina",D:/ChinaTravel_Assets/images/china-timing-fb.jpg,,Pending
CBT_2026_019,Medium,https://chinaboundtravel.com/posts/alipay-wechat-pay-foreigners-complete-guide/,Alipay and WeChat Pay for Foreigners 2026 -- The Complete Setup Guide (No Chinese Bank Account Needed),"Cash is dead in China -- and most first-timers do not realize how dead until they try to pay for a 6 RMB metro ride with a 100 RMB bill and the vendor has no change. This guide covers exactly how to set up TourPASS on Alipay as a foreigner, bind your Visa or Mastercard, and never think about cash again. chinaboundtravel.com #ChinaTech #Alipay #WeChatPay #ChinaTravel",,,Pending
CBT_2026_020,Pinterest,https://chinaboundtravel.com/posts/alipay-wechat-pay-foreigners-complete-guide/,How to Use Alipay as a Foreign Tourist in China 2026,Step-by-step: Download Alipay before arrival -> Set up TourPASS -> Bind your Visa/Mastercard -> Scan and pay everywhere. No Chinese bank account needed. Alipay works at every merchant from luxury hotels to street skewer stands. The complete foreigner setup guide in the link. #AlipayForForeigners #ChinaDigitalPayments #ChinaTravelTips,D:/ChinaTravel_Assets/images/alipay-setup-guide.jpg,China Travel Tech Board,Pending
CBT_2026_021,Reddit,https://chinaboundtravel.com/posts/alipay-wechat-pay-foreigners-complete-guide/,How to set up Alipay as a foreigner in China 2026 -- no Chinese bank account required,"**The TourPASS method (works for any foreign card):**

1. Download Alipay BEFORE arriving in China
2. Switch language to English in settings
3. Go to Me -> TourPASS -> Upload passport photo
4. Bind your Visa, Mastercard, or UnionPay card
5. Verify identity (usually instant approval)
6. Done -- scan and pay at every merchant in China

I have been using this since 2023. Works at street food stands, high-speed rail ticket counters, Klook bookings -- everything.

Common issue: Your bank blocking China transactions. Call them before departure and enable international POS/online transactions.

WeChat Pay setup is similar -- Me -> Wallet -> Add Card.

Full guide with troubleshooting at chinaboundtravel.com. Ask me anything.",D:/ChinaTravel_Assets/images/alipay-reddit.jpg,r/ChinaTravel,Pending
CBT_2026_022,Quora,https://chinaboundtravel.com/posts/alipay-wechat-pay-foreigners-complete-guide/,How do foreigners pay in China without a Chinese bank account?,"As of 2023, Alipay launched TourPASS specifically for foreign tourists -- no Chinese bank account or phone number required.

The setup:
1. Download Alipay before arriving
2. Me -> TourPASS -> Upload passport
3. Bind your foreign card (Visa/MC accepted)
4. Verify identity (5-10 minutes, fully English interface)
5. Pay at any merchant in China

This works at 99% of merchants. The 1% that only accept cash: small rural temples, some bus stations. Carry 500 RMB cash as backup.

WeChat Pay has the same capability -- Me -> Wallet -> Add Card.

Pro tip: Always pay in RMB, never let a vendor charge you in your home currency (3-5% markup).

Full step-by-step guide: https://chinaboundtravel.com",D:/ChinaTravel_Assets/images/china-payments-quora.jpg,,Pending
CBT_2026_023,X,https://chinaboundtravel.com/posts/alipay-wechat-pay-foreigners-complete-guide/,PSA: Alipay TourPASS works for foreigners (no Chinese bank account needed):,"Set it up before you arrive. Download the app, bind your Visa/MC, upload passport. Works at virtually every merchant in China. Full setup guide in bio. #ChinaTravel #AlipayTip",D:/ChinaTravel_Assets/images/alipay-thumb.jpg,,Pending
CBT_2026_024,FB,https://chinaboundtravel.com/posts/alipay-wechat-pay-foreigners-complete-guide/,The one thing that will ruin your China trip: not setting up Alipay before you land,I have watched first-timers stand helpless at metro ticket machines because they did not have cash and could not figure out why their card was declined. Do not be that person. Set up Alipay TourPASS before you arrive -- it takes 10 minutes and links your foreign Visa or Mastercard directly. Full foreigner setup guide in the link! #ChinaTravelTips #Alipay #WeChatPay,D:/ChinaTravel_Assets/images/alipay-fb.jpg,,Pending
CBT_2026_025,Medium,https://chinaboundtravel.com/posts/china-packing-list-2026-what-to-bring/,"The China Packing List I Actually Use (10 Years, 50+ Trips Version)","Four pairs of shoes, a travel iron, and zero toiletries I needed. That was my first China trip. Here is the packing list I actually use now -- updated for 2026. The five non-negotiables: VPN, eSIM, power adapter, portable charger, and a money belt. Everything else, buy in China. chinaboundtravel.com #ChinaTravel #TravelTips #PackingList",,,Pending
CBT_2026_026,Pinterest,https://chinaboundtravel.com/posts/china-packing-list-2026-what-to-bring/,China Packing List: The 5 Non-Negotiables + Seasonal Guide,"1. VPN (install BEFORE arriving -- you cannot download in China)
2. eSIM (order before departure, scan when you land)
3. Power adapter (Type I -- China uses angled 3-prong)
4. Portable charger (10,000mAh+ -- your phone is useless without it)
5. Money belt (passport + backup card)

Plus: Seasonal clothing layers, medications, and the 10 things first-timers always forget. Full list in the guide link. #ChinaPackingList #ChinaTravelEssentials",D:/ChinaTravel_Assets/images/china-packing-list.jpg,China Travel Gear Board,Pending
CBT_2026_027,Reddit,https://chinaboundtravel.com/posts/china-packing-list-2026-what-to-bring/,The China packing list from 10 years of forgetting things (the 2026 version),"**What I actually bring to China (shoulder season, 2 weeks):**

In my carry-on:
- Passport + copy (in money belt)
- Phone + charger + portable charger (carry-on safe, not checked!)
- eSIM QR code (printed + phone screenshot)
- ExpressVPN confirmation (tested before departure)
- Noise-canceling earbuds
- 3x merino wool t-shirts (they do not smell, dry fast)
- 1 rain jacket + 1 fleece layer
- Basic toiletries kit
- Prescriptions + doctor note

**What I leave behind:** Everything else. Buy in China -- it is cheap and available.

**What I ALWAYS forget without a checklist:** DEET mosquito repellent (summer/fall), toilet paper/wet wipes, passport photos.

Full list at chinaboundtravel.com. Ask me anything.",D:/ChinaTravel_Assets/images/packing-list-reddit.jpg,r/solotravel,Pending
CBT_2026_028,Quora,https://chinaboundtravel.com/posts/china-packing-list-2026-what-to-bring/,What should I pack for a trip to China?,"Here is what I actually pack -- after 50+ trips:

**The 5 non-negotiables:**
1. VPN -- installed and tested BEFORE you board the flight
2. eSIM or international data plan -- Airalo China eSIM, order before departure
3. Power adapter -- Type I (3 angled prongs), dual-voltage devices just need the adapter
4. Portable charger -- 10,000mAh minimum. Lithium batteries must be in carry-on
5. Money belt -- passport copy + backup card, wear under your clothes

**Clothing:** Layerable. China indoor heating in winter is blasting hot while outdoor is below freezing. Same day, both.

**Medications:** Prescriptions with doctor note, Imodium for first week adjustment, broad-spectrum antibiotics, motion sickness pills for mountain roads.

**Do not bring:** Shampoo, basic toiletries, regular first aid -- all available at Watsons/Mannings in every city.

Full list: https://chinaboundtravel.com",D:/ChinaTravel_Assets/images/china-packing-quora.jpg,,Pending
CBT_2026_029,X,https://chinaboundtravel.com/posts/china-packing-list-2026-what-to-bring/,The 5 things most first-timers forget for China:,"1. VPN (install before you fly -- you cannot download in China)
2. eSIM (order before departure)
3. Power adapter (Type I)
4. Portable charger (your phone is useless at 0% battery)
5. Layers (indoor heating = tropical, outdoor = freezing)

Full packing list in bio #ChinaTravelTips",D:/ChinaTravel_Assets/images/packing-thumb.jpg,,Pending
CBT_2026_030,FB,https://chinaboundtravel.com/posts/china-packing-list-2026-what-to-bring/,The China packing list that 10 years of mistakes built,"I once arrived in Beijing in February with four pairs of shoes and no idea how cold it actually gets. Do not be me. The 5 things that actually matter: VPN, eSIM, power adapter, portable charger, and layers. Everything else -- pay for laundry and buy in China. Full list in the link! #ChinaPackingList #ChinaTravelPrep",D:/ChinaTravel_Assets/images/china-packing-fb.jpg,,Pending
