Task_ID,Post_Title,Post_Content,Target_URL,Platform,Status
1,Ultimate Guide to Beijing For First-Time Visitors,Discover the best places to visit in Beijing including the Great Wall, Forbidden City, and local cuisine hotspots. This comprehensive guide covers transportation, accommodation, and cultural tips.,https://www.chinaboundtravel.com/posts/beijing-guide-for-first-timers/,China Travel,Pending
2,How to Use Alipay and WeChat Pay as a Foreigner in China,A complete guide to setting up and using China's mobile payment systems. Learn how to register, add money, and use these apps for daily transactions.,https://www.chinaboundtravel.com/posts/alipay-wechat-pay-guide/,China Travel,Pending
3,144-Hour Visa-Free Transit in China: Complete Guide 2026,Everything you need to know about China's 144-hour visa-free transit policy. Includes eligible cities, application process, and travel tips.,https://www.chinaboundtravel.com/posts/144-hour-visa-free-transit/,China Travel,Pending
4,Shanghai Hidden Gems: Off-the-Beaten-Path Neighborhoods,Explore Shanghai beyond the Bund and Nanjing Road. Discover charming neighborhoods like Xintiandi, French Concession, and Tianzifang.,https://www.chinaboundtravel.com/posts/shanghai-hidden-gems/,China Travel,Pending
5,China High-Speed Rail: How to Book Tickets and Travel Tips,Master China's amazing high-speed rail system. Learn how to buy tickets, navigate stations, and make the most of your rail journey.,https://www.chinaboundtravel.com/posts/china-high-speed-rail-guide/,China Travel,Pending
6,Best Street Food Cities in China You Must Visit,From Beijing's Donghuamen Night Market to Chengdu's spicy hotpot, discover the best cities for street food lovers in China.,https://www.chinaboundtravel.com/posts/china-street-food-cities/,Food & Travel,Pending
7,Xi'an Terracotta Army: Complete Visitor Guide,Plan your visit to the world-famous Terracotta Army. Includes ticket information, tour tips, and historical background.,https://www.chinaboundtravel.com/posts/terracotta-army-guide/,China Travel,Pending
8,How to Survive Chinese Train Stations,Navigating China's massive train stations can be overwhelming. This guide provides essential tips for smooth train travel in China.,https://www.chinaboundtravel.com/posts/chinese-train-station-guide/,China Travel,Pending
9,Chengdu Panda Base: Ultimate Guide to Seeing Giant Pandas,Everything you need to know about visiting the Chengdu Research Base of Giant Panda Breeding. Best times to visit, tickets, and panda watching tips.,https://www.chinaboundtravel.com/posts/chengdu-panda-guide/,China Travel,Pending
10,Hangzhou West Lake: A Complete Guide to Scenic Beauty,Explore Hangzhou's famous West Lake. Includes boat tours, walking paths, tea plantations, and nearby attractions.,https://www.chinaboundtravel.com/posts/hangzhou-west-lake-guide/,China Travel,Pending
11,China Travel Safety Tips for Tourists 2026,Is China safe for tourists? Get the facts on safety, scams to avoid, and tips for a worry-free trip to China.,https://www.chinaboundtravel.com/posts/china-travel-safety/,Travel Tips,Pending
12,Chinese Food Delivery Apps: Meituan and Ele.me Guide,Ordering food in China is easy with delivery apps. Learn how to use Meituan and Ele.me to enjoy delicious local cuisine at your doorstep.,https://www.chinaboundtravel.com/posts/chinese-food-delivery-guide/,Food & Travel,Pending
13,Internet in China: eSIM, VPN, and Connectivity Guide,Stay connected in China with our comprehensive guide to eSIMs, VPNs, and local SIM cards. Essential for travelers who need internet access.,https://www.chinaboundtravel.com/posts/internet-in-china-guide/,Travel Tips,Pending
14,7-Day China Itinerary: Beijing, Xi'an, Shanghai,Perfect first trip to China. This 7-day itinerary covers the highlights of Beijing, Xi'an, and Shanghai with recommended accommodations and activities.,https://www.chinaboundtravel.com/posts/7-day-china-itinerary/,China Travel,Pending
15,Western Sichuan Overland Adventure: A Journey to Tibet,Experience the stunning landscapes of Western Sichuan. This guide covers the overland route from Chengdu to Tibet with tips for adventurous travelers.,https://www.chinaboundtravel.com/posts/western-sichuan-overland/,China Travel,Pending