content_id,title,section,URL,clicks,impressions,position
cbt-b4ff4381a014,144-Hour Visa-Free Transit in China (2026 Guide),posts,https://www.chinaboundtravel.com/posts/144-hour-visa-free-transit-guide/,0,107,74.047
cbt-575e18482ca0,,posts,https://www.chinaboundtravel.com/posts/china-just-made-it-way-easier-to-visit-my-mother-i/,,,
cbt-6a164e0e8077,Chengdu Panda Base Guide: See the Pandas Like a Local,posts,https://www.chinaboundtravel.com/posts/dude-wheres-my-panda-a-beijing-guys-guide-to-the-c/,,,
cbt-407090802298,,posts,https://www.chinaboundtravel.com/posts/shanghai-like-a-local-hidden-neighborhoods-tourist/,,,
cbt-707a8899c0a7,How to Use WeChat Pay as a Foreigner (2026),posts,https://www.chinaboundtravel.com/posts/how-to-use-wechat-pay-as-a-foreigner/,0,83,62.446
cbt-cc4549872c92,How to Book China High-Speed Train Tickets (2026),posts,https://www.chinaboundtravel.com/posts/china-high-speed-rail-how-to-book-tickets/,,,
cbt-302467d853db,Shanghai 48-Hour Guide: Bund & French Concession,posts,https://www.chinaboundtravel.com/posts/shanghai-bund-french-concession-2-day-guide/,0,11,11.091
cbt-c885da2cf5d9,"7-Day China Itinerary: Beijing, Xi",posts,https://www.chinaboundtravel.com/posts/7-day-china-itinerary-beijing-xian-shanghai-first-timers/,,,
cbt-277de627eb2d,Hangzhou Travel Guide: West Lake & Tea Culture,posts,https://www.chinaboundtravel.com/posts/hangzhou-west-lake-tea-culture-g20-guide/,0,1,49
cbt-673e981fe6f2,Is China Safe for Tourists in 2026? Honest Guide,posts,https://www.chinaboundtravel.com/posts/is-china-safe-for-tourists-2026-honest-assessment/,,,
cbt-6f28480baea0,Chinese Train Stations: Survival Guide for Travelers,posts,https://www.chinaboundtravel.com/posts/how-to-survive-chinese-train-station/,,,
cbt-e464169c4991,Chinese Food Delivery: Meituan & Ele.me Guide,posts,https://www.chinaboundtravel.com/posts/chinese-food-delivery-meituan-eleme-guide/,0,159,19.547
cbt-abb64a856c29,PayPal + Alipay + WeChat Pay: What It Means for You,posts,https://www.chinaboundtravel.com/posts/paypal-alipay-wechat-pay-qr-code-support/,,,
cbt-73f33c49bc51,China Tourist Visa Guide: How to Apply in 2026,posts,https://www.chinaboundtravel.com/posts/ultimate-guide-to-china-visa-for-tourists/,,,
cbt-558f85f45e9a,Great Wall of China: History Beyond the Tourist Trail,posts,https://www.chinaboundtravel.com/posts/the-history-and-culture-of-the-great-wall-beyond-the-tourist-trail-guide/,,,
cbt-698862ce2129,"Chinese Tea Culture: History, Types & Ceremony",posts,https://www.chinaboundtravel.com/posts/chinese-tea-culture-history-types-and-tea-ceremony-guide/,,,
cbt-663ab3f3b0fa,Shanghai Beyond the Bund: Hidden Neighborhoods,posts,https://www.chinaboundtravel.com/posts/shanghai-beyond-the-bund-hidden-neighborhoods-and-local-culture/,1,2,16
cbt-550a6e3e929c,Sichuan Hotpot Guide: History & Best Restaurants,posts,https://www.chinaboundtravel.com/posts/sichuan-hotpot-guide-history-best-restaurants-and-cultural-significance/,0,11,37.182
cbt-d7747b73c978,Xi,posts,https://www.chinaboundtravel.com/posts/xian-terracotta-army-history-discovery-and-insider-tips/,0,1,5
cbt-34777b6c17c1,Zhangjiajie Guide: Avatar Mountains & Itinerary,posts,https://www.chinaboundtravel.com/posts/zhangjiajie-avatar-mountains-complete-guide-to-chinas-most-spectacular-park/,0,20,27
cbt-95d9a1b95440,China Travel Guide: July 2026 Updates & Visa Rules,posts,https://www.chinaboundtravel.com/posts/chinabound-travel-guide-2026-07-monthly-update/,,,
cbt-c59607760fee,Chinese Street Food: Night Markets & What to Eat,posts,https://www.chinaboundtravel.com/posts/chinese-street-food-a-first-timers-guide-to-night-markets-and-street-stalls/,0,6,27
cbt-ae69cb9f84b0,How to Use Alipay as a Foreigner (2026),posts,https://www.chinaboundtravel.com/posts/how-to-use-alipay-as-a-foreigner-complete-setup-guide-2026/,0,1,64
cbt-255af4ed003a,WeChat Pay for Foreigners: Setup Guide & Mistakes,posts,https://www.chinaboundtravel.com/posts/wechat-pay-for-foreigners-step-by-step-setup-and-common-mistakes-to-avoid-guide/,0,1,11
cbt-bf4ec5e57a07,Guilin & Yangshuo: Complete 2026 Travel Guide,posts,https://www.chinaboundtravel.com/posts/guilin-and-yangshuo-the-ultimate-karst-landscape-guide-for-2026/,0,24,18.875
cbt-4e09fa4aa93d,China High-Speed Trains: Booking & Insider Tips,posts,https://www.chinaboundtravel.com/posts/china-high-speed-train-survival-guide-booking-classes-and-insider-tips/,,,
cbt-23c31fe5b281,Yunnan Travel Guide: Rice Terraces & Ancient Towns,posts,https://www.chinaboundtravel.com/posts/yunnan-adventure-rice-terraces-ancient-towns-and-ethnic-minorities-guide/,0,40,20.7
cbt-1005a037234b,China Food Guide for European Travelers,posts,https://www.chinaboundtravel.com/posts/a-gastronomic-adventure-in-china-a-foodies-guide-for-european-travelers/,,,
cbt-9e2f5ffa1b6d,Where to Stay in China: Hotels & Budget Options,posts,https://www.chinaboundtravel.com/posts/navigating-chinas-accommodation-maze-a-californians-guide-for-aussie-and-kiwi-travelers/,,,
cbt-5479873d6104,China Food Guide: Must-Try Dishes & Restaurants,posts,https://www.chinaboundtravel.com/posts/a-gastronomic-adventure-in-china-food-recommendations-for-international-travelers/,0,4,35
cbt-52a577c1b2b8,China Transportation Guide for European Travelers,posts,https://www.chinaboundtravel.com/posts/navigating-chinas-transportation-a-californians-guide-for-european-travelers/,,,
cbt-57d0b0208d3b,Is China Safe in 2026? Honest Guide,posts,https://www.chinaboundtravel.com/posts/navigating-china-with-confidence-a-californians-guide-to-travel-safety/,,,
cbt-de065751769e,"China Transportation Guide: Trains, Subways & Taxis",posts,https://www.chinaboundtravel.com/posts/transportation-guide/,,,
cbt-17c6738ffb32,"China Transportation Guide: Trains, Subways & Taxis",posts,https://www.chinaboundtravel.com/posts/china-transportation-complete-guide-trains-subways-taxis-and-more/,0,107,22.327
cbt-0897b4c56074,China Food Guide 2026: What to Eat & Where,posts,https://www.chinaboundtravel.com/posts/food-recommendations-guide/,,,
cbt-7996811c1d23,Is China Safe for Tourists in 2026? Honest Guide,posts,https://www.chinaboundtravel.com/posts/is-china-safe-for-tourists-2026-honest-safety-assessment/,0,7,42.143
cbt-dfe3904705ea,China Travel Safety 2026: Guide for Travelers,posts,https://www.chinaboundtravel.com/posts/travel-safety-guide/,0,4,78
cbt-0953b5433c00,China Cultural Etiquette Guide: Dos and Don,posts,https://www.chinaboundtravel.com/posts/cultural-etiquette-guide/,,,
cbt-2b8c6981425b,China Etiquette Guide for Aussie & Kiwi Travelers,posts,https://www.chinaboundtravel.com/posts/cultural-etiquette-guide-aussie-kiwi/,,,
cbt-acae8a973429,Foodie,posts,https://www.chinaboundtravel.com/posts/foodies-guide-to-china-a-gastronomic-adventure/,,,
cbt-baa2f6fba2f0,Where to Stay in China: Complete 2026 Guide,posts,https://www.chinaboundtravel.com/posts/accommodation-tips-guide/,0,17,48.059
cbt-92448be1e0ca,China Remote Work Guide: 5 Years in Chengdu,posts,https://www.chinaboundtravel.com/posts/china-remote-work-guide-a-californians-5-year-chengdu-experience/,,,
cbt-bfeaa5ca9007,China Photography Guide: Best Spots & Tips,posts,https://www.chinaboundtravel.com/posts/china-photography-guide-capturing-the-wonders-of-the-middle-kingdom/,0,51,20.882
cbt-80ac63165adb,China Travel Guide: August 2026 Update,posts,https://www.chinaboundtravel.com/posts/chinabound-travel-guide-2026-08-monthly-update/,0,52,11.404
cbt-cfd5d7b39f09,Chinese Language Survival Phrases Guide 2026,posts,https://www.chinaboundtravel.com/posts/chinese-language-survival-phrases-guide/,0,11,27.455
cbt-49088019c529,China Family Travel Tips: Guide & Mistakes to Avoid,posts,https://www.chinaboundtravel.com/posts/china-family-travel-tips-a-californians-guide/,,,
cbt-74e8424894c4,China Bargaining Guide: How to Haggle & Shop,posts,https://www.chinaboundtravel.com/posts/china-bargaining-and-shopping-guide/,,,
cbt-932a277b1899,China Packing List 2026: What to Bring,posts,https://www.chinaboundtravel.com/posts/china-packing-list-2026-what-to-bring-and-what-to-leave-at-home/,,,
cbt-067675763415,How Chinese Food Evolved: 2 Million Years of History,posts,https://www.chinaboundtravel.com/posts/chinas-food-through-the-ages-guide/,,,
cbt-bc3e1afe5dc0,Shanghai Vs Beijing: Which Chinese City Should You Visit First? Guide,posts,https://www.chinaboundtravel.com/posts/shanghai-vs-beijing-which-chinese-city-should-you-visit-first-guide/,,,
cbt-034b43ef5e3a,Chinese Tea Culture: Where to Experience Authentic Teahouses,posts,https://www.chinaboundtravel.com/posts/chinese-tea-culture-where-to-experience-authentic-teahouses/,,,
cbt-0bb1cb1e308d,"China National Parks: Zhangjiajie, Jiuzhaigou, And Beyond Guide",posts,https://www.chinaboundtravel.com/posts/china-national-parks-zhangjiajie-jiuzhaigou-and-beyond-guide/,,,
cbt-07563e9b51cc,How to Use Alipay & WeChat Pay in China (2026),posts,https://www.chinaboundtravel.com/posts/alipay-wechat-pay-foreigners-guide/,,,
cbt-d701fb08eb7b,Best Travel Insurance for China 2026,posts,https://www.chinaboundtravel.com/posts/best-travel-insurance-china/,,,
cbt-244822dc113b,China,posts,https://www.chinaboundtravel.com/posts/china-extends-144-hour-visa-free-transit-policy-to-more-countries/,0,87,41.874
cbt-a349eee78670,Internet in China: eSIM vs SIM vs VPN (2026),posts,https://www.chinaboundtravel.com/posts/internet-connection-china-esim-vpn-guide/,,,
cbt-80f6c218ad94,Western Sichuan Overland Camping Route: 7 Days,posts,https://www.chinaboundtravel.com/posts/western-sichuan-overland-camping-route/,1,26,19.308
