query,clicks,impressions,ctr,position
12306.com,0,2,0,30
144 hour visa china,0,7,0,45
144 hour visa free transit,0,4,0,63.5
144 hours china visa,0,2,0,48.5
144 hours visa china,0,6,0,71
144-hour validation program,0,1,0,7
144-hour visa-free transit,0,2,0,88
144-hour visa-free transit in china,0,2,0,86
accommodation standards of chengdu china youth travel service,0,1,0,47
accommodation standards of chengdu tourism companies,0,2,0,68
accommodation standards of chengdu travel agencies,0,1,0,56
accommodation standards of sichuan international travel service,0,2,0,68
accommodation standards of sichuan travel agencies,0,2,0,86.5
alipay for foreigners china 2026,0,1,0,64
appetite for china,0,1,0,63
book china high speed train,0,2,0,29
can foreigners set up wechat pay,0,1,0,66
can i use wechat outside of china,0,1,0,51
can you use wechat pay as a foreigner,0,1,0,49
china 144 hour transit visa,0,8,0,61
china 144 hour visa,0,1,0,59
china 144-hour visa-free transit,0,2,0,82.5
china bound,0,8,0,7.25
china bullet train official website,0,2,0,38.5
china bullet train tickets,0,4,0,55.75
china cultural norms,0,1,0,77
china fast train booking,0,1,0,17
china high speed rail booking,0,1,0,15
china high speed rail official website,0,1,0,67
china high speed rail price,0,1,0,61
china high speed rail ticket,0,4,0,14.5
china high speed rail tickets,0,10,0,26.4
china high speed train booking,0,1,0,17
china high speed train tickets,0,6,0,35.666666666666664
china hsr tickets,0,1,0,51
china train booking website,0,1,0,60
china transit visa,0,1,0,81
china transportation guide,0,2,0,93.5
china travel 7 day itinerary,0,1,0,82
china visa 144 hours,0,1,0,79
china visa itinerary template,0,3,0,9.333333333333334
china visa transit,0,1,0,67
china xi an,0,3,0,71.66666666666667
china xi'an,0,1,0,64
chinabound,0,5,0,19.2
chinabound.online,0,5,0,44
chinese bullet train tickets,0,1,0,46
chinese etiquette,0,1,0,89
comparison of accommodation conditions in chengdu,0,1,0,44
cultural norms in china,0,1,0,71
dos and donts in china,0,2,0,81.5
ele me china,0,1,0,7
eleme app,0,2,0,49
food delivery chengdu,0,1,0,57
foreigner using wechat pay in china,0,1,0,82
guangzhou transit visa,0,2,0,85
high speed rail tickets,0,1,0,50
high speed tickets,0,2,0,40.5
high speed train china tickets,0,1,0,70
high speed train ticket,0,1,0,16
high speed train tickets,0,2,0,28.5
how to book china high speed rail,0,2,0,18
how to book high speed rail in china,0,1,0,20
how to buy china high speed rail tickets,0,3,0,18
how to pay using wechat,0,2,0,72.5
how to pay with wechat,0,3,0,67.66666666666667
how to ride china's high-speed trains,0,3,0,58.666666666666664
how to use china train ticket e-tickets,0,1,0,79
how to use we chat pay,0,1,0,98
how to use wechat pay as a foreigner,0,1,0,52
how to use wechat pay in canada,0,1,0,63
how to use wechat to pay,0,2,0,57.5
how to use wechat to pay in china,0,1,0,61
internet access china,0,2,0,79
internet access in china,0,2,0,85
internet china,0,3,0,83.66666666666667
internet connection in china,0,1,0,76
internet en china,0,1,0,77
internet in china,0,2,0,48
internet in china für touristen,0,1,0,91
internet use in china,0,1,0,84
lijiang rice terraces,0,1,0,14
meituan food delivery china,0,1,0,66
pay with wechat,0,1,0,63
photography in china,0,1,0,70
precautions for sichuan travel visas,0,1,0,100
recommended campsites in sichuan,0,1,0,35
rules in china,0,1,0,70
setting up wechat pay for foreigners,0,1,0,71
shenzhen 144 hour visa free guide,0,6,0,73.66666666666667
sichuan accommodation standards recommended,0,1,0,76
sichuan backpacking routes recommendations,0,1,0,43
sichuan photography tourism culture recommendation,0,1,0,91
sichuan travel accommodation standards,0,1,0,76
top places for photography in china,0,1,0,67
transit visa china,0,1,0,71
transit visa for china,0,1,0,82
transit visa in china,0,2,0,80
travel to xi'an,0,4,0,89.25
using internet in china,0,1,0,82
visa free transit in china,0,1,0,44
visa free transit meaning,0,1,0,85
wechat pay for foreigners,0,4,0,63
wechat pay for tourists,0,3,0,66.33333333333333
wechat pay international,0,1,0,66
wechat pay travel,0,1,0,68
wechat pay us,0,1,0,66
wechat payment foreigner,0,2,0,52.5
where to buy china high speed rail tickets,0,2,0,18.5
where to sign up for chengdu international travel service,0,1,0,100
xi an,0,3,0,73.66666666666667
xi an china,0,5,0,76.6
xi an city,0,1,0,77
xi an travel,0,1,0,89
xi an travel guide,0,1,0,100
xi'an,0,1,0,81
xi'an china,0,2,0,72
xi'an visitor guide,0,1,0,81
xian travel guide,0,1,0,97
zhangjiajie visitor guide,0,2,0,96.5
