content_id,title,file,line,risk_level,suggestion,auto_fix_possible
cbt-b4ff4381a014,China 144-Hour Visa-Free Transit (2026 Guide) — 2026 China Visa & 144-Hour Visa-Free Transit Explained,144-hour-visa-free-transit-guide.md,L26,HIGH,绝对化/无依据描述: 'Always'；补充来源或弱化语气,yes
cbt-b4ff4381a014,China 144-Hour Visa-Free Transit (2026 Guide) — 2026 China Visa & 144-Hour Visa-Free Transit Explained,144-hour-visa-free-transit-guide.md,L128,HIGH,绝对化/无依据描述: 'best'；补充来源或弱化语气,yes
cbt-6a164e0e8077,Chengdu Panda Base Guide: See the Pandas Like a Local,2026-05-20-dude-wheres-my-panda-a-beijing-guys-guide-to-the-c.md,L11,HIGH,绝对化/无依据描述: 'best'；补充来源或弱化语气,yes
cbt-6a164e0e8077,Chengdu Panda Base Guide: See the Pandas Like a Local,2026-05-20-dude-wheres-my-panda-a-beijing-guys-guide-to-the-c.md,L43,HIGH,绝对化/无依据描述: 'best'；补充来源或弱化语气,yes
cbt-6a164e0e8077,Chengdu Panda Base Guide: See the Pandas Like a Local,2026-05-20-dude-wheres-my-panda-a-beijing-guys-guide-to-the-c.md,L44,HIGH,绝对化/无依据描述: 'best'；补充来源或弱化语气,yes
cbt-6a164e0e8077,Chengdu Panda Base Guide: See the Pandas Like a Local,2026-05-20-dude-wheres-my-panda-a-beijing-guys-guide-to-the-c.md,L45,HIGH,绝对化/无依据描述: 'best'；补充来源或弱化语气,yes
cbt-6a164e0e8077,Chengdu Panda Base Guide: See the Pandas Like a Local,2026-05-20-dude-wheres-my-panda-a-beijing-guys-guide-to-the-c.md,L35,HIGH,无来源数据: '80 RMB'；标注来源或移除,no
cbt-6a164e0e8077,Chengdu Panda Base Guide: See the Pandas Like a Local,2026-05-20-dude-wheres-my-panda-a-beijing-guys-guide-to-the-c.md,L43,HIGH,无来源数据: '55 RMB'；标注来源或移除,no
cbt-707a8899c0a7,Can Foreigners Use WeChat Pay in China? (2026 Guide) — Foreigners Payment Setup,2026-05-22-how-to-use-wechat-pay-as-a-foreigner.md,L31,HIGH,绝对化/无依据描述: 'best'；补充来源或弱化语气,yes
cbt-707a8899c0a7,Can Foreigners Use WeChat Pay in China? (2026 Guide) — Foreigners Payment Setup,2026-05-22-how-to-use-wechat-pay-as-a-foreigner.md,L37,HIGH,绝对化/无依据描述: 'best'；补充来源或弱化语气,yes
cbt-707a8899c0a7,Can Foreigners Use WeChat Pay in China? (2026 Guide) — Foreigners Payment Setup,2026-05-22-how-to-use-wechat-pay-as-a-foreigner.md,L62,HIGH,绝对化/无依据描述: 'never'；补充来源或弱化语气,yes
cbt-707a8899c0a7,Can Foreigners Use WeChat Pay in China? (2026 Guide) — Foreigners Payment Setup,2026-05-22-how-to-use-wechat-pay-as-a-foreigner.md,L64,HIGH,绝对化/无依据描述: 'Always'；补充来源或弱化语气,yes
cbt-707a8899c0a7,Can Foreigners Use WeChat Pay in China? (2026 Guide) — Foreigners Payment Setup,2026-05-22-how-to-use-wechat-pay-as-a-foreigner.md,L68,HIGH,绝对化/无依据描述: 'best'；补充来源或弱化语气,yes
cbt-707a8899c0a7,Can Foreigners Use WeChat Pay in China? (2026 Guide) — Foreigners Payment Setup,2026-05-22-how-to-use-wechat-pay-as-a-foreigner.md,L115,HIGH,绝对化/无依据描述: 'best'；补充来源或弱化语气,yes
cbt-707a8899c0a7,Can Foreigners Use WeChat Pay in China? (2026 Guide) — Foreigners Payment Setup,2026-05-22-how-to-use-wechat-pay-as-a-foreigner.md,L154,HIGH,绝对化/无依据描述: 'Best'；补充来源或弱化语气,yes
cbt-707a8899c0a7,Can Foreigners Use WeChat Pay in China? (2026 Guide) — Foreigners Payment Setup,2026-05-22-how-to-use-wechat-pay-as-a-foreigner.md,L48,HIGH,无来源数据: '200 RMB'；标注来源或移除,no
cbt-cc4549872c92,How to Book China High-Speed Train Tickets (2026) — Booking & Logistics,2026-05-25-china-high-speed-rail-how-to-book-tickets.md,L17,HIGH,绝对化/无依据描述: 'never'；补充来源或弱化语气,yes
cbt-cc4549872c92,How to Book China High-Speed Train Tickets (2026) — Booking & Logistics,2026-05-25-china-high-speed-rail-how-to-book-tickets.md,L117,HIGH,绝对化/无依据描述: 'Always'；补充来源或弱化语气,yes
cbt-cc4549872c92,How to Book China High-Speed Train Tickets (2026) — Booking & Logistics,2026-05-25-china-high-speed-rail-how-to-book-tickets.md,L124,HIGH,绝对化/无依据描述: 'Always'；补充来源或弱化语气,yes
cbt-cc4549872c92,How to Book China High-Speed Train Tickets (2026) — Booking & Logistics,2026-05-25-china-high-speed-rail-how-to-book-tickets.md,L139,HIGH,绝对化/无依据描述: 'Cheapest'；补充来源或弱化语气,yes
cbt-cc4549872c92,How to Book China High-Speed Train Tickets (2026) — Booking & Logistics,2026-05-25-china-high-speed-rail-how-to-book-tickets.md,L23,HIGH,"无来源数据: '42,'；标注来源或移除",no
cbt-cc4549872c92,How to Book China High-Speed Train Tickets (2026) — Booking & Logistics,2026-05-25-china-high-speed-rail-how-to-book-tickets.md,L23,HIGH,无来源数据: '000km'；标注来源或移除,no
cbt-cc4549872c92,How to Book China High-Speed Train Tickets (2026) — Booking & Logistics,2026-05-25-china-high-speed-rail-how-to-book-tickets.md,L23,HIGH,无来源数据: '300km'；标注来源或移除,no
cbt-cc4549872c92,How to Book China High-Speed Train Tickets (2026) — Booking & Logistics,2026-05-25-china-high-speed-rail-how-to-book-tickets.md,L25,HIGH,无来源数据: '800km'；标注来源或移除,no
cbt-302467d853db,Shanghai 48-Hour Guide: Bund & French Concession,2026-05-25-shanghai-bund-french-concession-2-day-guide.md,L22,HIGH,绝对化/无依据描述: 'absolutely'；补充来源或弱化语气,yes
cbt-302467d853db,Shanghai 48-Hour Guide: Bund & French Concession,2026-05-25-shanghai-bund-french-concession-2-day-guide.md,L30,HIGH,绝对化/无依据描述: 'best'；补充来源或弱化语气,yes
cbt-302467d853db,Shanghai 48-Hour Guide: Bund & French Concession,2026-05-25-shanghai-bund-french-concession-2-day-guide.md,L47,HIGH,绝对化/无依据描述: 'never'；补充来源或弱化语气,yes
cbt-302467d853db,Shanghai 48-Hour Guide: Bund & French Concession,2026-05-25-shanghai-bund-french-concession-2-day-guide.md,L61,HIGH,绝对化/无依据描述: 'best'；补充来源或弱化语气,yes
cbt-302467d853db,Shanghai 48-Hour Guide: Bund & French Concession,2026-05-25-shanghai-bund-french-concession-2-day-guide.md,L97,HIGH,绝对化/无依据描述: 'Best'；补充来源或弱化语气,yes
cbt-302467d853db,Shanghai 48-Hour Guide: Bund & French Concession,2026-05-25-shanghai-bund-french-concession-2-day-guide.md,L114,HIGH,绝对化/无依据描述: 'The only'；补充来源或弱化语气,yes
cbt-302467d853db,Shanghai 48-Hour Guide: Bund & French Concession,2026-05-25-shanghai-bund-french-concession-2-day-guide.md,L35,HIGH,无来源数据: '5km'；标注来源或移除,no
cbt-302467d853db,Shanghai 48-Hour Guide: Bund & French Concession,2026-05-25-shanghai-bund-french-concession-2-day-guide.md,L103,HIGH,无来源数据: '15 RMB'；标注来源或移除,no
cbt-c885da2cf5d9,"7-Day China Itinerary: Beijing, Xi",2026-05-26-7-day-china-itinerary-beijing-xian-shanghai-first-timers.md,L43,HIGH,绝对化/无依据描述: 'best'；补充来源或弱化语气,yes
cbt-c885da2cf5d9,"7-Day China Itinerary: Beijing, Xi",2026-05-26-7-day-china-itinerary-beijing-xian-shanghai-first-timers.md,L56,HIGH,绝对化/无依据描述: 'best'；补充来源或弱化语气,yes
cbt-c885da2cf5d9,"7-Day China Itinerary: Beijing, Xi",2026-05-26-7-day-china-itinerary-beijing-xian-shanghai-first-timers.md,L26,HIGH,无来源数据: '70km'；标注来源或移除,no
cbt-c885da2cf5d9,"7-Day China Itinerary: Beijing, Xi",2026-05-26-7-day-china-itinerary-beijing-xian-shanghai-first-timers.md,L53,HIGH,无来源数据: '14km'；标注来源或移除,no
cbt-277de627eb2d,Hangzhou Travel Guide: West Lake & Tea Culture,2026-05-26-hangzhou-west-lake-tea-culture-g20-guide.md,L60,HIGH,绝对化/无依据描述: 'always'；补充来源或弱化语气,yes
cbt-277de627eb2d,Hangzhou Travel Guide: West Lake & Tea Culture,2026-05-26-hangzhou-west-lake-tea-culture-g20-guide.md,L24,HIGH,无来源数据: '40 billion'；标注来源或移除,no
cbt-277de627eb2d,Hangzhou Travel Guide: West Lake & Tea Culture,2026-05-26-hangzhou-west-lake-tea-culture-g20-guide.md,L88,HIGH,无来源数据: '1 yuan'；标注来源或移除,no
cbt-673e981fe6f2,Is China Safe for Tourists in 2026? Honest Guide,2026-05-26-is-china-safe-for-tourists-2026-honest-assessment.md,L12,HIGH,绝对化/无依据描述: 'best'；补充来源或弱化语气,yes
cbt-673e981fe6f2,Is China Safe for Tourists in 2026? Honest Guide,2026-05-26-is-china-safe-for-tourists-2026-honest-assessment.md,L18,HIGH,绝对化/无依据描述: 'best'；补充来源或弱化语气,yes
cbt-673e981fe6f2,Is China Safe for Tourists in 2026? Honest Guide,2026-05-26-is-china-safe-for-tourists-2026-honest-assessment.md,L18,HIGH,绝对化/无依据描述: 'best'；补充来源或弱化语气,yes
cbt-673e981fe6f2,Is China Safe for Tourists in 2026? Honest Guide,2026-05-26-is-china-safe-for-tourists-2026-honest-assessment.md,L18,HIGH,绝对化/无依据描述: 'always'；补充来源或弱化语气,yes
cbt-673e981fe6f2,Is China Safe for Tourists in 2026? Honest Guide,2026-05-26-is-china-safe-for-tourists-2026-honest-assessment.md,L20,HIGH,无来源数据: '800 RMB'；标注来源或移除,no
cbt-673e981fe6f2,Is China Safe for Tourists in 2026? Honest Guide,2026-05-26-is-china-safe-for-tourists-2026-honest-assessment.md,L22,HIGH,无来源数据: '30 RMB'；标注来源或移除,no
cbt-673e981fe6f2,Is China Safe for Tourists in 2026? Honest Guide,2026-05-26-is-china-safe-for-tourists-2026-honest-assessment.md,L23,HIGH,无来源数据: '150 RMB'；标注来源或移除,no
cbt-673e981fe6f2,Is China Safe for Tourists in 2026? Honest Guide,2026-05-26-is-china-safe-for-tourists-2026-honest-assessment.md,L24,HIGH,无来源数据: '60 RMB'；标注来源或移除,no
cbt-6f28480baea0,Chinese Train Stations: Survival Guide for Travelers,2026-05-27-how-to-survive-chinese-train-station.md,L21,HIGH,绝对化/无依据描述: 'never'；补充来源或弱化语气,yes
cbt-6f28480baea0,Chinese Train Stations: Survival Guide for Travelers,2026-05-27-how-to-survive-chinese-train-station.md,L71,HIGH,绝对化/无依据描述: 'always'；补充来源或弱化语气,yes
cbt-6f28480baea0,Chinese Train Stations: Survival Guide for Travelers,2026-05-27-how-to-survive-chinese-train-station.md,L101,HIGH,绝对化/无依据描述: 'always'；补充来源或弱化语气,yes
cbt-e464169c4991,Chinese Food Delivery: Meituan & Ele.me Guide,2026-05-28-chinese-food-delivery-meituan-eleme-guide.md,L39,HIGH,绝对化/无依据描述: 'best'；补充来源或弱化语气,yes
cbt-e464169c4991,Chinese Food Delivery: Meituan & Ele.me Guide,2026-05-28-chinese-food-delivery-meituan-eleme-guide.md,L57,HIGH,绝对化/无依据描述: 'the only'；补充来源或弱化语气,yes
cbt-e464169c4991,Chinese Food Delivery: Meituan & Ele.me Guide,2026-05-28-chinese-food-delivery-meituan-eleme-guide.md,L80,HIGH,绝对化/无依据描述: 'Best'；补充来源或弱化语气,yes
cbt-e464169c4991,Chinese Food Delivery: Meituan & Ele.me Guide,2026-05-28-chinese-food-delivery-meituan-eleme-guide.md,L84,HIGH,绝对化/无依据描述: 'best'；补充来源或弱化语气,yes
cbt-e464169c4991,Chinese Food Delivery: Meituan & Ele.me Guide,2026-05-28-chinese-food-delivery-meituan-eleme-guide.md,L96,HIGH,绝对化/无依据描述: 'always'；补充来源或弱化语气,yes
cbt-e464169c4991,Chinese Food Delivery: Meituan & Ele.me Guide,2026-05-28-chinese-food-delivery-meituan-eleme-guide.md,L99,HIGH,绝对化/无依据描述: 'best'；补充来源或弱化语气,yes
cbt-e464169c4991,Chinese Food Delivery: Meituan & Ele.me Guide,2026-05-28-chinese-food-delivery-meituan-eleme-guide.md,L73,HIGH,"无来源数据: '10,'；标注来源或移除",no
cbt-e464169c4991,Chinese Food Delivery: Meituan & Ele.me Guide,2026-05-28-chinese-food-delivery-meituan-eleme-guide.md,L185,HIGH,无来源数据: '15 RMB'；标注来源或移除,no
cbt-abb64a856c29,PayPal + Alipay + WeChat Pay: What It Means for You,2026-05-29-paypal-alipay-wechat-pay-qr-code-support.md,L89,HIGH,绝对化/无依据描述: 'The only'；补充来源或弱化语气,yes
cbt-abb64a856c29,PayPal + Alipay + WeChat Pay: What It Means for You,2026-05-29-paypal-alipay-wechat-pay-qr-code-support.md,L107,HIGH,绝对化/无依据描述: 'absolutely'；补充来源或弱化语气,yes
cbt-abb64a856c29,PayPal + Alipay + WeChat Pay: What It Means for You,2026-05-29-paypal-alipay-wechat-pay-qr-code-support.md,L116,HIGH,绝对化/无依据描述: 'best'；补充来源或弱化语气,yes
cbt-abb64a856c29,PayPal + Alipay + WeChat Pay: What It Means for You,2026-05-29-paypal-alipay-wechat-pay-qr-code-support.md,L131,HIGH,绝对化/无依据描述: 'always'；补充来源或弱化语气,yes
cbt-73f33c49bc51,China Tourist Visa Guide: How to Apply in 2026 — 2026 China Visa & 144-Hour Visa-Free Transit Explained,2026-06-02-ultimate-guide-to-china-visa-for-tourists.md,L54,HIGH,绝对化/无依据描述: 'best'；补充来源或弱化语气,yes
cbt-73f33c49bc51,China Tourist Visa Guide: How to Apply in 2026 — 2026 China Visa & 144-Hour Visa-Free Transit Explained,2026-06-02-ultimate-guide-to-china-visa-for-tourists.md,L56,HIGH,绝对化/无依据描述: 'best'；补充来源或弱化语气,yes
cbt-73f33c49bc51,China Tourist Visa Guide: How to Apply in 2026 — 2026 China Visa & 144-Hour Visa-Free Transit Explained,2026-06-02-ultimate-guide-to-china-visa-for-tourists.md,L112,HIGH,绝对化/无依据描述: 'Always'；补充来源或弱化语气,yes
cbt-73f33c49bc51,China Tourist Visa Guide: How to Apply in 2026 — 2026 China Visa & 144-Hour Visa-Free Transit Explained,2026-06-02-ultimate-guide-to-china-visa-for-tourists.md,L133,HIGH,绝对化/无依据描述: 'best'；补充来源或弱化语气,yes
cbt-73f33c49bc51,China Tourist Visa Guide: How to Apply in 2026 — 2026 China Visa & 144-Hour Visa-Free Transit Explained,2026-06-02-ultimate-guide-to-china-visa-for-tourists.md,L137,HIGH,绝对化/无依据描述: 'best'；补充来源或弱化语气,yes
cbt-73f33c49bc51,China Tourist Visa Guide: How to Apply in 2026 — 2026 China Visa & 144-Hour Visa-Free Transit Explained,2026-06-02-ultimate-guide-to-china-visa-for-tourists.md,L193,HIGH,绝对化/无依据描述: 'Always'；补充来源或弱化语气,yes
cbt-558f85f45e9a,Great Wall of China: History Beyond the Tourist Trail,2026-06-19-the-history-and-culture-of-the-great-wall-beyond-the-tourist-trail-guide.md,L25,HIGH,绝对化/无依据描述: 'never'；补充来源或弱化语气,yes
cbt-558f85f45e9a,Great Wall of China: History Beyond the Tourist Trail,2026-06-19-the-history-and-culture-of-the-great-wall-beyond-the-tourist-trail-guide.md,L52,HIGH,绝对化/无依据描述: 'best'；补充来源或弱化语气,yes
cbt-558f85f45e9a,Great Wall of China: History Beyond the Tourist Trail,2026-06-19-the-history-and-culture-of-the-great-wall-beyond-the-tourist-trail-guide.md,L56,HIGH,绝对化/无依据描述: 'the only'；补充来源或弱化语气,yes
cbt-558f85f45e9a,Great Wall of China: History Beyond the Tourist Trail,2026-06-19-the-history-and-culture-of-the-great-wall-beyond-the-tourist-trail-guide.md,L56,HIGH,绝对化/无依据描述: 'best'；补充来源或弱化语气,yes
cbt-558f85f45e9a,Great Wall of China: History Beyond the Tourist Trail,2026-06-19-the-history-and-culture-of-the-great-wall-beyond-the-tourist-trail-guide.md,L65,HIGH,绝对化/无依据描述: 'cheapest'；补充来源或弱化语气,yes
cbt-558f85f45e9a,Great Wall of China: History Beyond the Tourist Trail,2026-06-19-the-history-and-culture-of-the-great-wall-beyond-the-tourist-trail-guide.md,L83,HIGH,绝对化/无依据描述: 'always'；补充来源或弱化语气,yes
cbt-558f85f45e9a,Great Wall of China: History Beyond the Tourist Trail,2026-06-19-the-history-and-culture-of-the-great-wall-beyond-the-tourist-trail-guide.md,L84,HIGH,绝对化/无依据描述: 'best'；补充来源或弱化语气,yes
cbt-558f85f45e9a,Great Wall of China: History Beyond the Tourist Trail,2026-06-19-the-history-and-culture-of-the-great-wall-beyond-the-tourist-trail-guide.md,L90,HIGH,绝对化/无依据描述: 'always'；补充来源或弱化语气,yes
cbt-698862ce2129,"Chinese Tea Culture: History, Types & Ceremony",2026-06-22-chinese-tea-culture-history-types-and-tea-ceremony-guide.md,L60,HIGH,绝对化/无依据描述: 'best'；补充来源或弱化语气,yes
cbt-698862ce2129,"Chinese Tea Culture: History, Types & Ceremony",2026-06-22-chinese-tea-culture-history-types-and-tea-ceremony-guide.md,L81,HIGH,绝对化/无依据描述: 'best'；补充来源或弱化语气,yes
cbt-698862ce2129,"Chinese Tea Culture: History, Types & Ceremony",2026-06-22-chinese-tea-culture-history-types-and-tea-ceremony-guide.md,L105,HIGH,绝对化/无依据描述: 'best'；补充来源或弱化语气,yes
cbt-698862ce2129,"Chinese Tea Culture: History, Types & Ceremony",2026-06-22-chinese-tea-culture-history-types-and-tea-ceremony-guide.md,L107,HIGH,绝对化/无依据描述: 'Best'；补充来源或弱化语气,yes
cbt-698862ce2129,"Chinese Tea Culture: History, Types & Ceremony",2026-06-22-chinese-tea-culture-history-types-and-tea-ceremony-guide.md,L124,HIGH,绝对化/无依据描述: 'Best'；补充来源或弱化语气,yes
cbt-698862ce2129,"Chinese Tea Culture: History, Types & Ceremony",2026-06-22-chinese-tea-culture-history-types-and-tea-ceremony-guide.md,L125,HIGH,绝对化/无依据描述: 'best'；补充来源或弱化语气,yes
cbt-663ab3f3b0fa,Shanghai Beyond the Bund: Hidden Neighborhoods,2026-06-22-shanghai-beyond-the-bund-hidden-neighborhoods-and-local-culture.md,L23,HIGH,绝对化/无依据描述: 'best'；补充来源或弱化语气,yes
cbt-663ab3f3b0fa,Shanghai Beyond the Bund: Hidden Neighborhoods,2026-06-22-shanghai-beyond-the-bund-hidden-neighborhoods-and-local-culture.md,L23,HIGH,绝对化/无依据描述: 'best'；补充来源或弱化语气,yes
cbt-663ab3f3b0fa,Shanghai Beyond the Bund: Hidden Neighborhoods,2026-06-22-shanghai-beyond-the-bund-hidden-neighborhoods-and-local-culture.md,L47,HIGH,绝对化/无依据描述: 'best'；补充来源或弱化语气,yes
cbt-663ab3f3b0fa,Shanghai Beyond the Bund: Hidden Neighborhoods,2026-06-22-shanghai-beyond-the-bund-hidden-neighborhoods-and-local-culture.md,L51,HIGH,绝对化/无依据描述: 'best'；补充来源或弱化语气,yes
cbt-663ab3f3b0fa,Shanghai Beyond the Bund: Hidden Neighborhoods,2026-06-22-shanghai-beyond-the-bund-hidden-neighborhoods-and-local-culture.md,L59,HIGH,绝对化/无依据描述: 'best'；补充来源或弱化语气,yes
cbt-663ab3f3b0fa,Shanghai Beyond the Bund: Hidden Neighborhoods,2026-06-22-shanghai-beyond-the-bund-hidden-neighborhoods-and-local-culture.md,L91,HIGH,绝对化/无依据描述: 'best'；补充来源或弱化语气,yes
cbt-663ab3f3b0fa,Shanghai Beyond the Bund: Hidden Neighborhoods,2026-06-22-shanghai-beyond-the-bund-hidden-neighborhoods-and-local-culture.md,L92,HIGH,绝对化/无依据描述: 'Best'；补充来源或弱化语气,yes
cbt-663ab3f3b0fa,Shanghai Beyond the Bund: Hidden Neighborhoods,2026-06-22-shanghai-beyond-the-bund-hidden-neighborhoods-and-local-culture.md,L115,HIGH,绝对化/无依据描述: 'Best'；补充来源或弱化语气,yes
cbt-550a6e3e929c,Sichuan Hotpot Guide: History & Best Restaurants,2026-06-23-sichuan-hotpot-guide-history-best-restaurants-and-cultural-significance.md,L13,HIGH,绝对化/无依据描述: 'best'；补充来源或弱化语气,yes
cbt-550a6e3e929c,Sichuan Hotpot Guide: History & Best Restaurants,2026-06-23-sichuan-hotpot-guide-history-best-restaurants-and-cultural-significance.md,L41,HIGH,绝对化/无依据描述: 'Best'；补充来源或弱化语气,yes
cbt-550a6e3e929c,Sichuan Hotpot Guide: History & Best Restaurants,2026-06-23-sichuan-hotpot-guide-history-best-restaurants-and-cultural-significance.md,L41,HIGH,绝对化/无依据描述: 'best'；补充来源或弱化语气,yes
cbt-550a6e3e929c,Sichuan Hotpot Guide: History & Best Restaurants,2026-06-23-sichuan-hotpot-guide-history-best-restaurants-and-cultural-significance.md,L63,HIGH,绝对化/无依据描述: 'Best'；补充来源或弱化语气,yes
cbt-550a6e3e929c,Sichuan Hotpot Guide: History & Best Restaurants,2026-06-23-sichuan-hotpot-guide-history-best-restaurants-and-cultural-significance.md,L80,HIGH,绝对化/无依据描述: 'Best'；补充来源或弱化语气,yes
cbt-550a6e3e929c,Sichuan Hotpot Guide: History & Best Restaurants,2026-06-23-sichuan-hotpot-guide-history-best-restaurants-and-cultural-significance.md,L81,HIGH,绝对化/无依据描述: 'best'；补充来源或弱化语气,yes
cbt-d7747b73c978,Xi,2026-06-30-xian-terracotta-army-history-discovery-and-insider-tips.md,L46,HIGH,绝对化/无依据描述: 'Best'；补充来源或弱化语气,yes
cbt-d7747b73c978,Xi,2026-06-30-xian-terracotta-army-history-discovery-and-insider-tips.md,L46,HIGH,绝对化/无依据描述: 'best'；补充来源或弱化语气,yes
cbt-d7747b73c978,Xi,2026-06-30-xian-terracotta-army-history-discovery-and-insider-tips.md,L57,HIGH,绝对化/无依据描述: 'always'；补充来源或弱化语气,yes
cbt-d7747b73c978,Xi,2026-06-30-xian-terracotta-army-history-discovery-and-insider-tips.md,L62,HIGH,绝对化/无依据描述: 'best'；补充来源或弱化语气,yes
cbt-d7747b73c978,Xi,2026-06-30-xian-terracotta-army-history-discovery-and-insider-tips.md,L121,HIGH,绝对化/无依据描述: 'best'；补充来源或弱化语气,yes
cbt-d7747b73c978,Xi,2026-06-30-xian-terracotta-army-history-discovery-and-insider-tips.md,L127,HIGH,绝对化/无依据描述: 'best'；补充来源或弱化语气,yes
cbt-d7747b73c978,Xi,2026-06-30-xian-terracotta-army-history-discovery-and-insider-tips.md,L140,HIGH,绝对化/无依据描述: 'definitely'；补充来源或弱化语气,yes
cbt-d7747b73c978,Xi,2026-06-30-xian-terracotta-army-history-discovery-and-insider-tips.md,L157,HIGH,绝对化/无依据描述: 'Best'；补充来源或弱化语气,yes
cbt-34777b6c17c1,Zhangjiajie Guide: Avatar Mountains & Itinerary,2026-06-30-zhangjiajie-avatar-mountains-complete-guide-to-chinas-most-spectacular-park.md,L16,HIGH,绝对化/无依据描述: 'best'；补充来源或弱化语气,yes
cbt-34777b6c17c1,Zhangjiajie Guide: Avatar Mountains & Itinerary,2026-06-30-zhangjiajie-avatar-mountains-complete-guide-to-chinas-most-spectacular-park.md,L46,HIGH,绝对化/无依据描述: 'the only'；补充来源或弱化语气,yes
cbt-34777b6c17c1,Zhangjiajie Guide: Avatar Mountains & Itinerary,2026-06-30-zhangjiajie-avatar-mountains-complete-guide-to-chinas-most-spectacular-park.md,L135,HIGH,绝对化/无依据描述: 'Best'；补充来源或弱化语气,yes
cbt-34777b6c17c1,Zhangjiajie Guide: Avatar Mountains & Itinerary,2026-06-30-zhangjiajie-avatar-mountains-complete-guide-to-chinas-most-spectacular-park.md,L143,HIGH,绝对化/无依据描述: 'Best'；补充来源或弱化语气,yes
cbt-34777b6c17c1,Zhangjiajie Guide: Avatar Mountains & Itinerary,2026-06-30-zhangjiajie-avatar-mountains-complete-guide-to-chinas-most-spectacular-park.md,L163,HIGH,绝对化/无依据描述: 'Best'；补充来源或弱化语气,yes
cbt-34777b6c17c1,Zhangjiajie Guide: Avatar Mountains & Itinerary,2026-06-30-zhangjiajie-avatar-mountains-complete-guide-to-chinas-most-spectacular-park.md,L169,HIGH,绝对化/无依据描述: 'Best'；补充来源或弱化语气,yes
cbt-34777b6c17c1,Zhangjiajie Guide: Avatar Mountains & Itinerary,2026-06-30-zhangjiajie-avatar-mountains-complete-guide-to-chinas-most-spectacular-park.md,L169,HIGH,绝对化/无依据描述: 'Cheapest'；补充来源或弱化语气,yes
cbt-34777b6c17c1,Zhangjiajie Guide: Avatar Mountains & Itinerary,2026-06-30-zhangjiajie-avatar-mountains-complete-guide-to-chinas-most-spectacular-park.md,L199,HIGH,绝对化/无依据描述: 'best'；补充来源或弱化语气,yes
cbt-c59607760fee,Chinese Street Food: Night Markets & What to Eat,2026-07-01-chinese-street-food-a-first-timers-guide-to-night-markets-and-street-stalls.md,L26,HIGH,绝对化/无依据描述: 'best'；补充来源或弱化语气,yes
cbt-c59607760fee,Chinese Street Food: Night Markets & What to Eat,2026-07-01-chinese-street-food-a-first-timers-guide-to-night-markets-and-street-stalls.md,L30,HIGH,绝对化/无依据描述: 'best'；补充来源或弱化语气,yes
cbt-c59607760fee,Chinese Street Food: Night Markets & What to Eat,2026-07-01-chinese-street-food-a-first-timers-guide-to-night-markets-and-street-stalls.md,L37,HIGH,绝对化/无依据描述: 'best'；补充来源或弱化语气,yes
cbt-c59607760fee,Chinese Street Food: Night Markets & What to Eat,2026-07-01-chinese-street-food-a-first-timers-guide-to-night-markets-and-street-stalls.md,L75,HIGH,绝对化/无依据描述: 'always'；补充来源或弱化语气,yes
cbt-c59607760fee,Chinese Street Food: Night Markets & What to Eat,2026-07-01-chinese-street-food-a-first-timers-guide-to-night-markets-and-street-stalls.md,L90,HIGH,绝对化/无依据描述: 'never'；补充来源或弱化语气,yes
cbt-c59607760fee,Chinese Street Food: Night Markets & What to Eat,2026-07-01-chinese-street-food-a-first-timers-guide-to-night-markets-and-street-stalls.md,L93,HIGH,绝对化/无依据描述: 'every traveler'；补充来源或弱化语气,yes
cbt-c59607760fee,Chinese Street Food: Night Markets & What to Eat,2026-07-01-chinese-street-food-a-first-timers-guide-to-night-markets-and-street-stalls.md,L93,HIGH,绝对化/无依据描述: 'always'；补充来源或弱化语气,yes
cbt-c59607760fee,Chinese Street Food: Night Markets & What to Eat,2026-07-01-chinese-street-food-a-first-timers-guide-to-night-markets-and-street-stalls.md,L102,HIGH,绝对化/无依据描述: 'best'；补充来源或弱化语气,yes
cbt-ae69cb9f84b0,How to Use Alipay as a Foreigner (2026),2026-07-02-how-to-use-alipay-as-a-foreigner-complete-setup-guide-2026-guide.md,L101,HIGH,绝对化/无依据描述: 'always'；补充来源或弱化语气,yes
cbt-ae69cb9f84b0,How to Use Alipay as a Foreigner (2026),2026-07-02-how-to-use-alipay-as-a-foreigner-complete-setup-guide-2026-guide.md,L106,HIGH,绝对化/无依据描述: 'Best'；补充来源或弱化语气,yes
cbt-ae69cb9f84b0,How to Use Alipay as a Foreigner (2026),2026-07-02-how-to-use-alipay-as-a-foreigner-complete-setup-guide-2026-guide.md,L108,HIGH,绝对化/无依据描述: 'best'；补充来源或弱化语气,yes
cbt-ae69cb9f84b0,How to Use Alipay as a Foreigner (2026),2026-07-02-how-to-use-alipay-as-a-foreigner-complete-setup-guide-2026-guide.md,L120,HIGH,绝对化/无依据描述: 'Best'；补充来源或弱化语气,yes
cbt-ae69cb9f84b0,How to Use Alipay as a Foreigner (2026),2026-07-02-how-to-use-alipay-as-a-foreigner-complete-setup-guide-2026-guide.md,L135,HIGH,绝对化/无依据描述: 'Best'；补充来源或弱化语气,yes
cbt-ae69cb9f84b0,How to Use Alipay as a Foreigner (2026),2026-07-02-how-to-use-alipay-as-a-foreigner-complete-setup-guide-2026-guide.md,L136,HIGH,绝对化/无依据描述: 'best'；补充来源或弱化语气,yes
cbt-255af4ed003a,How to Set Up & Use WeChat Pay Step by Step (2026 Guide),2026-07-02-wechat-pay-for-foreigners-step-by-step-setup-and-common-mistakes-to-avoid-guide.md,L90,HIGH,绝对化/无依据描述: 'Always'；补充来源或弱化语气,yes
cbt-255af4ed003a,How to Set Up & Use WeChat Pay Step by Step (2026 Guide),2026-07-02-wechat-pay-for-foreigners-step-by-step-setup-and-common-mistakes-to-avoid-guide.md,L90,HIGH,绝对化/无依据描述: 'always'；补充来源或弱化语气,yes
cbt-255af4ed003a,How to Set Up & Use WeChat Pay Step by Step (2026 Guide),2026-07-02-wechat-pay-for-foreigners-step-by-step-setup-and-common-mistakes-to-avoid-guide.md,L90,HIGH,绝对化/无依据描述: 'always'；补充来源或弱化语气,yes
cbt-255af4ed003a,How to Set Up & Use WeChat Pay Step by Step (2026 Guide),2026-07-02-wechat-pay-for-foreigners-step-by-step-setup-and-common-mistakes-to-avoid-guide.md,L106,HIGH,绝对化/无依据描述: 'always'；补充来源或弱化语气,yes
cbt-255af4ed003a,How to Set Up & Use WeChat Pay Step by Step (2026 Guide),2026-07-02-wechat-pay-for-foreigners-step-by-step-setup-and-common-mistakes-to-avoid-guide.md,L110,HIGH,绝对化/无依据描述: 'Always'；补充来源或弱化语气,yes
cbt-255af4ed003a,How to Set Up & Use WeChat Pay Step by Step (2026 Guide),2026-07-02-wechat-pay-for-foreigners-step-by-step-setup-and-common-mistakes-to-avoid-guide.md,L114,HIGH,绝对化/无依据描述: 'never'；补充来源或弱化语气,yes
cbt-255af4ed003a,How to Set Up & Use WeChat Pay Step by Step (2026 Guide),2026-07-02-wechat-pay-for-foreigners-step-by-step-setup-and-common-mistakes-to-avoid-guide.md,L169,HIGH,绝对化/无依据描述: 'best'；补充来源或弱化语气,yes
cbt-255af4ed003a,How to Set Up & Use WeChat Pay Step by Step (2026 Guide),2026-07-02-wechat-pay-for-foreigners-step-by-step-setup-and-common-mistakes-to-avoid-guide.md,L171,HIGH,绝对化/无依据描述: 'Best'；补充来源或弱化语气,yes
cbt-bf4ec5e57a07,Guilin & Yangshuo: Complete 2026 Travel Guide,2026-07-03-guilin-and-yangshuo-the-ultimate-karst-landscape-guide-for-2026-guide.md,L28,HIGH,绝对化/无依据描述: 'Best'；补充来源或弱化语气,yes
cbt-bf4ec5e57a07,Guilin & Yangshuo: Complete 2026 Travel Guide,2026-07-03-guilin-and-yangshuo-the-ultimate-karst-landscape-guide-for-2026-guide.md,L34,HIGH,绝对化/无依据描述: 'Best'；补充来源或弱化语气,yes
cbt-bf4ec5e57a07,Guilin & Yangshuo: Complete 2026 Travel Guide,2026-07-03-guilin-and-yangshuo-the-ultimate-karst-landscape-guide-for-2026-guide.md,L42,HIGH,绝对化/无依据描述: 'best'；补充来源或弱化语气,yes
cbt-bf4ec5e57a07,Guilin & Yangshuo: Complete 2026 Travel Guide,2026-07-03-guilin-and-yangshuo-the-ultimate-karst-landscape-guide-for-2026-guide.md,L45,HIGH,绝对化/无依据描述: 'best'；补充来源或弱化语气,yes
cbt-bf4ec5e57a07,Guilin & Yangshuo: Complete 2026 Travel Guide,2026-07-03-guilin-and-yangshuo-the-ultimate-karst-landscape-guide-for-2026-guide.md,L84,HIGH,绝对化/无依据描述: 'Best'；补充来源或弱化语气,yes
cbt-bf4ec5e57a07,Guilin & Yangshuo: Complete 2026 Travel Guide,2026-07-03-guilin-and-yangshuo-the-ultimate-karst-landscape-guide-for-2026-guide.md,L92,HIGH,绝对化/无依据描述: 'best'；补充来源或弱化语气,yes
cbt-bf4ec5e57a07,Guilin & Yangshuo: Complete 2026 Travel Guide,2026-07-03-guilin-and-yangshuo-the-ultimate-karst-landscape-guide-for-2026-guide.md,L96,HIGH,绝对化/无依据描述: 'best'；补充来源或弱化语气,yes
cbt-bf4ec5e57a07,Guilin & Yangshuo: Complete 2026 Travel Guide,2026-07-03-guilin-and-yangshuo-the-ultimate-karst-landscape-guide-for-2026-guide.md,L104,HIGH,绝对化/无依据描述: 'best'；补充来源或弱化语气,yes
cbt-4e09fa4aa93d,China High-Speed Trains: Booking & Insider Tips,2026-07-04-china-high-speed-train-survival-guide-booking-classes-and-insider-tips.md,L34,HIGH,绝对化/无依据描述: 'best'；补充来源或弱化语气,yes
cbt-4e09fa4aa93d,China High-Speed Trains: Booking & Insider Tips,2026-07-04-china-high-speed-train-survival-guide-booking-classes-and-insider-tips.md,L82,HIGH,绝对化/无依据描述: 'best'；补充来源或弱化语气,yes
cbt-4e09fa4aa93d,China High-Speed Trains: Booking & Insider Tips,2026-07-04-china-high-speed-train-survival-guide-booking-classes-and-insider-tips.md,L133,HIGH,绝对化/无依据描述: 'always'；补充来源或弱化语气,yes
cbt-4e09fa4aa93d,China High-Speed Trains: Booking & Insider Tips,2026-07-04-china-high-speed-train-survival-guide-booking-classes-and-insider-tips.md,L145,HIGH,绝对化/无依据描述: 'always'；补充来源或弱化语气,yes
cbt-4e09fa4aa93d,China High-Speed Trains: Booking & Insider Tips,2026-07-04-china-high-speed-train-survival-guide-booking-classes-and-insider-tips.md,L153,HIGH,绝对化/无依据描述: 'Best'；补充来源或弱化语气,yes
cbt-4e09fa4aa93d,China High-Speed Trains: Booking & Insider Tips,2026-07-04-china-high-speed-train-survival-guide-booking-classes-and-insider-tips.md,L153,HIGH,绝对化/无依据描述: 'best'；补充来源或弱化语气,yes
cbt-23c31fe5b281,Yunnan Travel Guide: Rice Terraces & Ancient Towns,2026-07-05-yunnan-adventure-rice-terraces-ancient-towns-and-ethnic-minorities-guide.md,L45,HIGH,绝对化/无依据描述: 'best'；补充来源或弱化语气,yes
cbt-23c31fe5b281,Yunnan Travel Guide: Rice Terraces & Ancient Towns,2026-07-05-yunnan-adventure-rice-terraces-ancient-towns-and-ethnic-minorities-guide.md,L134,HIGH,绝对化/无依据描述: 'Best'；补充来源或弱化语气,yes
cbt-23c31fe5b281,Yunnan Travel Guide: Rice Terraces & Ancient Towns,2026-07-05-yunnan-adventure-rice-terraces-ancient-towns-and-ethnic-minorities-guide.md,L149,HIGH,绝对化/无依据描述: 'best'；补充来源或弱化语气,yes
cbt-23c31fe5b281,Yunnan Travel Guide: Rice Terraces & Ancient Towns,2026-07-05-yunnan-adventure-rice-terraces-ancient-towns-and-ethnic-minorities-guide.md,L163,HIGH,绝对化/无依据描述: 'Best'；补充来源或弱化语气,yes
cbt-23c31fe5b281,Yunnan Travel Guide: Rice Terraces & Ancient Towns,2026-07-05-yunnan-adventure-rice-terraces-ancient-towns-and-ethnic-minorities-guide.md,L167,HIGH,绝对化/无依据描述: 'Best'；补充来源或弱化语气,yes
cbt-23c31fe5b281,Yunnan Travel Guide: Rice Terraces & Ancient Towns,2026-07-05-yunnan-adventure-rice-terraces-ancient-towns-and-ethnic-minorities-guide.md,L35,HIGH,无来源数据: '500 km'；标注来源或移除,no
cbt-23c31fe5b281,Yunnan Travel Guide: Rice Terraces & Ancient Towns,2026-07-05-yunnan-adventure-rice-terraces-ancient-towns-and-ethnic-minorities-guide.md,L37,HIGH,无来源数据: '800 km'；标注来源或移除,no
cbt-23c31fe5b281,Yunnan Travel Guide: Rice Terraces & Ancient Towns,2026-07-05-yunnan-adventure-rice-terraces-ancient-towns-and-ethnic-minorities-guide.md,L37,HIGH,无来源数据: '700 km'；标注来源或移除,no
cbt-1005a037234b,China Food Guide for European Travelers,2026-07-06-a-gastronomic-adventure-in-china-a-foodies-guide-for-european-travelers.md,L42,HIGH,绝对化/无依据描述: 'best'；补充来源或弱化语气,yes
cbt-1005a037234b,China Food Guide for European Travelers,2026-07-06-a-gastronomic-adventure-in-china-a-foodies-guide-for-european-travelers.md,L44,HIGH,绝对化/无依据描述: 'best'；补充来源或弱化语气,yes
cbt-1005a037234b,China Food Guide for European Travelers,2026-07-06-a-gastronomic-adventure-in-china-a-foodies-guide-for-european-travelers.md,L48,HIGH,绝对化/无依据描述: 'best'；补充来源或弱化语气,yes
cbt-1005a037234b,China Food Guide for European Travelers,2026-07-06-a-gastronomic-adventure-in-china-a-foodies-guide-for-european-travelers.md,L48,HIGH,绝对化/无依据描述: 'best'；补充来源或弱化语气,yes
cbt-1005a037234b,China Food Guide for European Travelers,2026-07-06-a-gastronomic-adventure-in-china-a-foodies-guide-for-european-travelers.md,L64,HIGH,绝对化/无依据描述: 'best'；补充来源或弱化语气,yes
cbt-1005a037234b,China Food Guide for European Travelers,2026-07-06-a-gastronomic-adventure-in-china-a-foodies-guide-for-european-travelers.md,L82,HIGH,绝对化/无依据描述: 'best'；补充来源或弱化语气,yes
cbt-1005a037234b,China Food Guide for European Travelers,2026-07-06-a-gastronomic-adventure-in-china-a-foodies-guide-for-european-travelers.md,L138,HIGH,绝对化/无依据描述: 'best'；补充来源或弱化语气,yes
cbt-1005a037234b,China Food Guide for European Travelers,2026-07-06-a-gastronomic-adventure-in-china-a-foodies-guide-for-european-travelers.md,L170,HIGH,绝对化/无依据描述: 'always'；补充来源或弱化语气,yes
cbt-9e2f5ffa1b6d,Where to Stay in China: Hotels & Budget Options,2026-07-07-navigating-chinas-accommodation-maze-a-californians-guide-for-aussie-and-kiwi-travelers.md,L17,HIGH,绝对化/无依据描述: 'best'；补充来源或弱化语气,yes
cbt-9e2f5ffa1b6d,Where to Stay in China: Hotels & Budget Options,2026-07-07-navigating-chinas-accommodation-maze-a-californians-guide-for-aussie-and-kiwi-travelers.md,L53,HIGH,绝对化/无依据描述: 'best'；补充来源或弱化语气,yes
cbt-9e2f5ffa1b6d,Where to Stay in China: Hotels & Budget Options,2026-07-07-navigating-chinas-accommodation-maze-a-californians-guide-for-aussie-and-kiwi-travelers.md,L56,HIGH,绝对化/无依据描述: 'most amazing'；补充来源或弱化语气,yes
cbt-9e2f5ffa1b6d,Where to Stay in China: Hotels & Budget Options,2026-07-07-navigating-chinas-accommodation-maze-a-californians-guide-for-aussie-and-kiwi-travelers.md,L77,HIGH,绝对化/无依据描述: 'best'；补充来源或弱化语气,yes
cbt-9e2f5ffa1b6d,Where to Stay in China: Hotels & Budget Options,2026-07-07-navigating-chinas-accommodation-maze-a-californians-guide-for-aussie-and-kiwi-travelers.md,L86,HIGH,绝对化/无依据描述: 'best'；补充来源或弱化语气,yes
cbt-9e2f5ffa1b6d,Where to Stay in China: Hotels & Budget Options,2026-07-07-navigating-chinas-accommodation-maze-a-californians-guide-for-aussie-and-kiwi-travelers.md,L87,HIGH,绝对化/无依据描述: 'best'；补充来源或弱化语气,yes
cbt-9e2f5ffa1b6d,Where to Stay in China: Hotels & Budget Options,2026-07-07-navigating-chinas-accommodation-maze-a-californians-guide-for-aussie-and-kiwi-travelers.md,L38,HIGH,无来源数据: '100 yuan'；标注来源或移除,no
cbt-9e2f5ffa1b6d,Where to Stay in China: Hotels & Budget Options,2026-07-07-navigating-chinas-accommodation-maze-a-californians-guide-for-aussie-and-kiwi-travelers.md,L38,HIGH,无来源数据: '300 yuan'；标注来源或移除,no
cbt-5479873d6104,China Food Guide: Must-Try Dishes & Restaurants,2026-07-10-a-gastronomic-adventure-in-china-food-recommendations-for-international-travelers.md,L33,HIGH,绝对化/无依据描述: 'best'；补充来源或弱化语气,yes
cbt-5479873d6104,China Food Guide: Must-Try Dishes & Restaurants,2026-07-10-a-gastronomic-adventure-in-china-food-recommendations-for-international-travelers.md,L80,HIGH,绝对化/无依据描述: 'best'；补充来源或弱化语气,yes
cbt-5479873d6104,China Food Guide: Must-Try Dishes & Restaurants,2026-07-10-a-gastronomic-adventure-in-china-food-recommendations-for-international-travelers.md,L104,HIGH,绝对化/无依据描述: 'always'；补充来源或弱化语气,yes
cbt-5479873d6104,China Food Guide: Must-Try Dishes & Restaurants,2026-07-10-a-gastronomic-adventure-in-china-food-recommendations-for-international-travelers.md,L122,HIGH,绝对化/无依据描述: 'Best'；补充来源或弱化语气,yes
cbt-5479873d6104,China Food Guide: Must-Try Dishes & Restaurants,2026-07-10-a-gastronomic-adventure-in-china-food-recommendations-for-international-travelers.md,L128,HIGH,绝对化/无依据描述: 'best'；补充来源或弱化语气,yes
cbt-52a577c1b2b8,China Transportation Guide for European Travelers,2026-07-12-navigating-chinas-transportation-a-californians-guide-for-european-travelers.md,L37,HIGH,绝对化/无依据描述: 'best'；补充来源或弱化语气,yes
cbt-52a577c1b2b8,China Transportation Guide for European Travelers,2026-07-12-navigating-chinas-transportation-a-californians-guide-for-european-travelers.md,L47,HIGH,绝对化/无依据描述: 'best'；补充来源或弱化语气,yes
cbt-52a577c1b2b8,China Transportation Guide for European Travelers,2026-07-12-navigating-chinas-transportation-a-californians-guide-for-european-travelers.md,L51,HIGH,绝对化/无依据描述: 'best'；补充来源或弱化语气,yes
cbt-52a577c1b2b8,China Transportation Guide for European Travelers,2026-07-12-navigating-chinas-transportation-a-californians-guide-for-european-travelers.md,L59,HIGH,绝对化/无依据描述: 'cheapest'；补充来源或弱化语气,yes
cbt-52a577c1b2b8,China Transportation Guide for European Travelers,2026-07-12-navigating-chinas-transportation-a-californians-guide-for-european-travelers.md,L97,HIGH,绝对化/无依据描述: 'Best'；补充来源或弱化语气,yes
cbt-52a577c1b2b8,China Transportation Guide for European Travelers,2026-07-12-navigating-chinas-transportation-a-californians-guide-for-european-travelers.md,L97,HIGH,绝对化/无依据描述: 'best'；补充来源或弱化语气,yes
cbt-52a577c1b2b8,China Transportation Guide for European Travelers,2026-07-12-navigating-chinas-transportation-a-californians-guide-for-european-travelers.md,L23,HIGH,无来源数据: '350 km'；标注来源或移除,no
cbt-57d0b0208d3b,Is China Safe in 2026? Honest Guide — 2026 Safety Guide for International Travelers,2026-07-13-navigating-china-with-confidence-a-californians-guide-to-travel-safety.md,L26,HIGH,绝对化/无依据描述: 'best'；补充来源或弱化语气,yes
cbt-57d0b0208d3b,Is China Safe in 2026? Honest Guide — 2026 Safety Guide for International Travelers,2026-07-13-navigating-china-with-confidence-a-californians-guide-to-travel-safety.md,L71,HIGH,绝对化/无依据描述: 'Always'；补充来源或弱化语气,yes
cbt-de065751769e,"China Transportation Guide: Trains, Subways & Taxis",2026-07-14-transportation-guide-guide.md,L50,HIGH,无来源数据: '350 km'；标注来源或移除,no
cbt-17c6738ffb32,"China Transportation Guide: Trains, Subways & Taxis",2026-07-16-china-transportation-complete-guide-trains-subways-taxis-and-more.md,L45,HIGH,绝对化/无依据描述: 'best'；补充来源或弱化语气,yes
cbt-17c6738ffb32,"China Transportation Guide: Trains, Subways & Taxis",2026-07-16-china-transportation-complete-guide-trains-subways-taxis-and-more.md,L61,HIGH,绝对化/无依据描述: 'always'；补充来源或弱化语气,yes
cbt-17c6738ffb32,"China Transportation Guide: Trains, Subways & Taxis",2026-07-16-china-transportation-complete-guide-trains-subways-taxis-and-more.md,L76,HIGH,绝对化/无依据描述: 'best'；补充来源或弱化语气,yes
cbt-17c6738ffb32,"China Transportation Guide: Trains, Subways & Taxis",2026-07-16-china-transportation-complete-guide-trains-subways-taxis-and-more.md,L97,HIGH,绝对化/无依据描述: 'Best'；补充来源或弱化语气,yes
cbt-17c6738ffb32,"China Transportation Guide: Trains, Subways & Taxis",2026-07-16-china-transportation-complete-guide-trains-subways-taxis-and-more.md,L119,HIGH,绝对化/无依据描述: 'always'；补充来源或弱化语气,yes
cbt-17c6738ffb32,"China Transportation Guide: Trains, Subways & Taxis",2026-07-16-china-transportation-complete-guide-trains-subways-taxis-and-more.md,L123,HIGH,绝对化/无依据描述: 'always'；补充来源或弱化语气,yes
cbt-17c6738ffb32,"China Transportation Guide: Trains, Subways & Taxis",2026-07-16-china-transportation-complete-guide-trains-subways-taxis-and-more.md,L127,HIGH,绝对化/无依据描述: 'always'；补充来源或弱化语气,yes
cbt-17c6738ffb32,"China Transportation Guide: Trains, Subways & Taxis",2026-07-16-china-transportation-complete-guide-trains-subways-taxis-and-more.md,L136,HIGH,绝对化/无依据描述: 'Always'；补充来源或弱化语气,yes
cbt-0897b4c56074,China Food Guide 2026: What to Eat & Where,2026-07-16-food-recommendations-guide.md,L37,HIGH,绝对化/无依据描述: 'best'；补充来源或弱化语气,yes
cbt-0897b4c56074,China Food Guide 2026: What to Eat & Where,2026-07-16-food-recommendations-guide.md,L37,HIGH,绝对化/无依据描述: 'best'；补充来源或弱化语气,yes
cbt-0897b4c56074,China Food Guide 2026: What to Eat & Where,2026-07-16-food-recommendations-guide.md,L37,HIGH,绝对化/无依据描述: 'best'；补充来源或弱化语气,yes
cbt-0897b4c56074,China Food Guide 2026: What to Eat & Where,2026-07-16-food-recommendations-guide.md,L43,HIGH,绝对化/无依据描述: 'best'；补充来源或弱化语气,yes
cbt-0897b4c56074,China Food Guide 2026: What to Eat & Where,2026-07-16-food-recommendations-guide.md,L47,HIGH,绝对化/无依据描述: 'best'；补充来源或弱化语气,yes
cbt-0897b4c56074,China Food Guide 2026: What to Eat & Where,2026-07-16-food-recommendations-guide.md,L52,HIGH,绝对化/无依据描述: 'definitely'；补充来源或弱化语气,yes
cbt-0897b4c56074,China Food Guide 2026: What to Eat & Where,2026-07-16-food-recommendations-guide.md,L52,HIGH,绝对化/无依据描述: 'always'；补充来源或弱化语气,yes
cbt-0897b4c56074,China Food Guide 2026: What to Eat & Where,2026-07-16-food-recommendations-guide.md,L56,HIGH,绝对化/无依据描述: 'best'；补充来源或弱化语气,yes
cbt-7996811c1d23,Is China Safe for Tourists in 2026? Honest Guide,2026-07-16-is-china-safe-for-tourists-2026-honest-safety-assessment.md,L41,HIGH,绝对化/无依据描述: 'always'；补充来源或弱化语气,yes
cbt-7996811c1d23,Is China Safe for Tourists in 2026? Honest Guide,2026-07-16-is-china-safe-for-tourists-2026-honest-safety-assessment.md,L63,HIGH,绝对化/无依据描述: 'Always'；补充来源或弱化语气,yes
cbt-7996811c1d23,Is China Safe for Tourists in 2026? Honest Guide,2026-07-16-is-china-safe-for-tourists-2026-honest-safety-assessment.md,L83,HIGH,绝对化/无依据描述: 'always'；补充来源或弱化语气,yes
cbt-7996811c1d23,Is China Safe for Tourists in 2026? Honest Guide,2026-07-16-is-china-safe-for-tourists-2026-honest-safety-assessment.md,L92,HIGH,绝对化/无依据描述: 'best'；补充来源或弱化语气,yes
cbt-7996811c1d23,Is China Safe for Tourists in 2026? Honest Guide,2026-07-16-is-china-safe-for-tourists-2026-honest-safety-assessment.md,L93,HIGH,绝对化/无依据描述: 'always'；补充来源或弱化语气,yes
cbt-7996811c1d23,Is China Safe for Tourists in 2026? Honest Guide,2026-07-16-is-china-safe-for-tourists-2026-honest-safety-assessment.md,L94,HIGH,绝对化/无依据描述: 'best'；补充来源或弱化语气,yes
cbt-7996811c1d23,Is China Safe for Tourists in 2026? Honest Guide,2026-07-16-is-china-safe-for-tourists-2026-honest-safety-assessment.md,L149,HIGH,绝对化/无依据描述: 'best'；补充来源或弱化语气,yes
cbt-7996811c1d23,Is China Safe for Tourists in 2026? Honest Guide,2026-07-16-is-china-safe-for-tourists-2026-honest-safety-assessment.md,L161,HIGH,绝对化/无依据描述: 'best'；补充来源或弱化语气,yes
cbt-dfe3904705ea,China Travel Safety 2026: Guide for Travelers,2026-07-20-travel-safety-guide.md,L51,HIGH,绝对化/无依据描述: 'Always'；补充来源或弱化语气,yes
cbt-dfe3904705ea,China Travel Safety 2026: Guide for Travelers,2026-07-20-travel-safety-guide.md,L94,HIGH,绝对化/无依据描述: 'best'；补充来源或弱化语气,yes
cbt-dfe3904705ea,China Travel Safety 2026: Guide for Travelers,2026-07-20-travel-safety-guide.md,L103,HIGH,绝对化/无依据描述: 'never'；补充来源或弱化语气,yes
cbt-dfe3904705ea,China Travel Safety 2026: Guide for Travelers,2026-07-20-travel-safety-guide.md,L112,HIGH,绝对化/无依据描述: 'always'；补充来源或弱化语气,yes
cbt-dfe3904705ea,China Travel Safety 2026: Guide for Travelers,2026-07-20-travel-safety-guide.md,L119,HIGH,绝对化/无依据描述: 'best'；补充来源或弱化语气,yes
cbt-dfe3904705ea,China Travel Safety 2026: Guide for Travelers,2026-07-20-travel-safety-guide.md,L121,HIGH,绝对化/无依据描述: 'Always'；补充来源或弱化语气,yes
cbt-dfe3904705ea,China Travel Safety 2026: Guide for Travelers,2026-07-20-travel-safety-guide.md,L147,HIGH,绝对化/无依据描述: 'Always'；补充来源或弱化语气,yes
cbt-dfe3904705ea,China Travel Safety 2026: Guide for Travelers,2026-07-20-travel-safety-guide.md,L167,HIGH,绝对化/无依据描述: 'Always'；补充来源或弱化语气,yes
cbt-0953b5433c00,China Cultural Etiquette Guide: Dos and Don,2026-07-21-cultural-etiquette-guide.md,L44,HIGH,绝对化/无依据描述: 'best'；补充来源或弱化语气,yes
cbt-0953b5433c00,China Cultural Etiquette Guide: Dos and Don,2026-07-21-cultural-etiquette-guide.md,L85,HIGH,绝对化/无依据描述: 'Best'；补充来源或弱化语气,yes
cbt-0953b5433c00,China Cultural Etiquette Guide: Dos and Don,2026-07-21-cultural-etiquette-guide.md,L85,HIGH,绝对化/无依据描述: 'best'；补充来源或弱化语气,yes
cbt-2b8c6981425b,China Etiquette Guide for Aussie & Kiwi Travelers,2026-07-22-cultural-etiquette-guide.md,L26,HIGH,绝对化/无依据描述: 'best'；补充来源或弱化语气,yes
cbt-2b8c6981425b,China Etiquette Guide for Aussie & Kiwi Travelers,2026-07-22-cultural-etiquette-guide.md,L79,HIGH,绝对化/无依据描述: 'Best'；补充来源或弱化语气,yes
cbt-2b8c6981425b,China Etiquette Guide for Aussie & Kiwi Travelers,2026-07-22-cultural-etiquette-guide.md,L79,HIGH,绝对化/无依据描述: 'best'；补充来源或弱化语气,yes
cbt-2b8c6981425b,China Etiquette Guide for Aussie & Kiwi Travelers,2026-07-22-cultural-etiquette-guide.md,L84,HIGH,绝对化/无依据描述: 'best'；补充来源或弱化语气,yes
cbt-2b8c6981425b,China Etiquette Guide for Aussie & Kiwi Travelers,2026-07-22-cultural-etiquette-guide.md,L85,HIGH,绝对化/无依据描述: 'best'；补充来源或弱化语气,yes
cbt-2b8c6981425b,China Etiquette Guide for Aussie & Kiwi Travelers,2026-07-22-cultural-etiquette-guide.md,L116,HIGH,绝对化/无依据描述: 'Best'；补充来源或弱化语气,yes
cbt-2b8c6981425b,China Etiquette Guide for Aussie & Kiwi Travelers,2026-07-22-cultural-etiquette-guide.md,L118,HIGH,绝对化/无依据描述: 'best'；补充来源或弱化语气,yes
cbt-acae8a973429,Foodie,2026-07-23-foodies-guide-to-china-a-gastronomic-adventure.md,L27,HIGH,绝对化/无依据描述: 'best'；补充来源或弱化语气,yes
cbt-acae8a973429,Foodie,2026-07-23-foodies-guide-to-china-a-gastronomic-adventure.md,L67,HIGH,绝对化/无依据描述: 'best'；补充来源或弱化语气,yes
cbt-acae8a973429,Foodie,2026-07-23-foodies-guide-to-china-a-gastronomic-adventure.md,L112,HIGH,绝对化/无依据描述: 'Best'；补充来源或弱化语气,yes
cbt-acae8a973429,Foodie,2026-07-23-foodies-guide-to-china-a-gastronomic-adventure.md,L112,HIGH,绝对化/无依据描述: 'best'；补充来源或弱化语气,yes
cbt-baa2f6fba2f0,Where to Stay in China: Complete 2026 Guide,2026-07-27-accommodation-tips-guide.md,L35,HIGH,绝对化/无依据描述: 'every traveler'；补充来源或弱化语气,yes
cbt-baa2f6fba2f0,Where to Stay in China: Complete 2026 Guide,2026-07-27-accommodation-tips-guide.md,L59,HIGH,绝对化/无依据描述: 'best'；补充来源或弱化语气,yes
cbt-baa2f6fba2f0,Where to Stay in China: Complete 2026 Guide,2026-07-27-accommodation-tips-guide.md,L63,HIGH,绝对化/无依据描述: 'best'；补充来源或弱化语气,yes
cbt-baa2f6fba2f0,Where to Stay in China: Complete 2026 Guide,2026-07-27-accommodation-tips-guide.md,L89,HIGH,绝对化/无依据描述: 'best'；补充来源或弱化语气,yes
cbt-baa2f6fba2f0,Where to Stay in China: Complete 2026 Guide,2026-07-27-accommodation-tips-guide.md,L109,HIGH,绝对化/无依据描述: 'always'；补充来源或弱化语气,yes
cbt-baa2f6fba2f0,Where to Stay in China: Complete 2026 Guide,2026-07-27-accommodation-tips-guide.md,L155,HIGH,绝对化/无依据描述: 'Best'；补充来源或弱化语气,yes
cbt-baa2f6fba2f0,Where to Stay in China: Complete 2026 Guide,2026-07-27-accommodation-tips-guide.md,L155,HIGH,绝对化/无依据描述: 'best'；补充来源或弱化语气,yes
cbt-baa2f6fba2f0,Where to Stay in China: Complete 2026 Guide,2026-07-27-accommodation-tips-guide.md,L157,HIGH,绝对化/无依据描述: 'Best'；补充来源或弱化语气,yes
cbt-92448be1e0ca,China Remote Work Guide: Digital Nomad Essentials,2026-07-31-china-remote-work-guide-a-californians-5-year-chengdu-experience.md,L17,HIGH,绝对化/无依据描述: 'best'；补充来源或弱化语气,yes
cbt-92448be1e0ca,China Remote Work Guide: Digital Nomad Essentials,2026-07-31-china-remote-work-guide-a-californians-5-year-chengdu-experience.md,L41,HIGH,绝对化/无依据描述: 'always'；补充来源或弱化语气,yes
cbt-92448be1e0ca,China Remote Work Guide: Digital Nomad Essentials,2026-07-31-china-remote-work-guide-a-californians-5-year-chengdu-experience.md,L47,HIGH,绝对化/无依据描述: 'best'；补充来源或弱化语气,yes
cbt-92448be1e0ca,China Remote Work Guide: Digital Nomad Essentials,2026-07-31-china-remote-work-guide-a-californians-5-year-chengdu-experience.md,L52,HIGH,绝对化/无依据描述: 'the only'；补充来源或弱化语气,yes
cbt-92448be1e0ca,China Remote Work Guide: Digital Nomad Essentials,2026-07-31-china-remote-work-guide-a-californians-5-year-chengdu-experience.md,L63,HIGH,绝对化/无依据描述: 'always'；补充来源或弱化语气,yes
cbt-92448be1e0ca,China Remote Work Guide: Digital Nomad Essentials,2026-07-31-china-remote-work-guide-a-californians-5-year-chengdu-experience.md,L67,HIGH,绝对化/无依据描述: 'Best'；补充来源或弱化语气,yes
cbt-92448be1e0ca,China Remote Work Guide: Digital Nomad Essentials,2026-07-31-china-remote-work-guide-a-californians-5-year-chengdu-experience.md,L72,HIGH,绝对化/无依据描述: 'best'；补充来源或弱化语气,yes
cbt-92448be1e0ca,China Remote Work Guide: Digital Nomad Essentials,2026-07-31-china-remote-work-guide-a-californians-5-year-chengdu-experience.md,L77,HIGH,绝对化/无依据描述: 'best'；补充来源或弱化语气,yes
cbt-bfeaa5ca9007,China Photography Guide: Best Spots & Tips,2026-08-01-china-photography-guide-capturing-the-wonders-of-the-middle-kingdom.md,L16,HIGH,绝对化/无依据描述: 'best'；补充来源或弱化语气,yes
cbt-bfeaa5ca9007,China Photography Guide: Best Spots & Tips,2026-08-01-china-photography-guide-capturing-the-wonders-of-the-middle-kingdom.md,L26,HIGH,绝对化/无依据描述: 'Best'；补充来源或弱化语气,yes
cbt-bfeaa5ca9007,China Photography Guide: Best Spots & Tips,2026-08-01-china-photography-guide-capturing-the-wonders-of-the-middle-kingdom.md,L44,HIGH,绝对化/无依据描述: 'best'；补充来源或弱化语气,yes
cbt-bfeaa5ca9007,China Photography Guide: Best Spots & Tips,2026-08-01-china-photography-guide-capturing-the-wonders-of-the-middle-kingdom.md,L44,HIGH,绝对化/无依据描述: 'best'；补充来源或弱化语气,yes
cbt-bfeaa5ca9007,China Photography Guide: Best Spots & Tips,2026-08-01-china-photography-guide-capturing-the-wonders-of-the-middle-kingdom.md,L59,HIGH,绝对化/无依据描述: 'best'；补充来源或弱化语气,yes
cbt-bfeaa5ca9007,China Photography Guide: Best Spots & Tips,2026-08-01-china-photography-guide-capturing-the-wonders-of-the-middle-kingdom.md,L76,HIGH,绝对化/无依据描述: 'best'；补充来源或弱化语气,yes
cbt-bfeaa5ca9007,China Photography Guide: Best Spots & Tips,2026-08-01-china-photography-guide-capturing-the-wonders-of-the-middle-kingdom.md,L80,HIGH,绝对化/无依据描述: 'best'；补充来源或弱化语气,yes
cbt-bfeaa5ca9007,China Photography Guide: Best Spots & Tips,2026-08-01-china-photography-guide-capturing-the-wonders-of-the-middle-kingdom.md,L80,HIGH,绝对化/无依据描述: 'best'；补充来源或弱化语气,yes
cbt-80ac63165adb,China Travel Guide: August 2026 Updates & Visa Rules,2026-08-01-chinabound-travel-guide-2026-08-monthly-update.md,L58,HIGH,绝对化/无依据描述: 'always'；补充来源或弱化语气,yes
cbt-80ac63165adb,China Travel Guide: August 2026 Updates & Visa Rules,2026-08-01-chinabound-travel-guide-2026-08-monthly-update.md,L62,HIGH,绝对化/无依据描述: 'Never'；补充来源或弱化语气,yes
cbt-80ac63165adb,China Travel Guide: August 2026 Updates & Visa Rules,2026-08-01-chinabound-travel-guide-2026-08-monthly-update.md,L66,HIGH,绝对化/无依据描述: 'always'；补充来源或弱化语气,yes
cbt-80ac63165adb,China Travel Guide: August 2026 Updates & Visa Rules,2026-08-01-chinabound-travel-guide-2026-08-monthly-update.md,L68,HIGH,绝对化/无依据描述: 'Always'；补充来源或弱化语气,yes
cbt-80ac63165adb,China Travel Guide: August 2026 Updates & Visa Rules,2026-08-01-chinabound-travel-guide-2026-08-monthly-update.md,L68,HIGH,绝对化/无依据描述: 'always'；补充来源或弱化语气,yes
cbt-80ac63165adb,China Travel Guide: August 2026 Updates & Visa Rules,2026-08-01-chinabound-travel-guide-2026-08-monthly-update.md,L70,HIGH,绝对化/无依据描述: 'best'；补充来源或弱化语气,yes
cbt-80ac63165adb,China Travel Guide: August 2026 Updates & Visa Rules,2026-08-01-chinabound-travel-guide-2026-08-monthly-update.md,L72,HIGH,绝对化/无依据描述: 'best'；补充来源或弱化语气,yes
cbt-80ac63165adb,China Travel Guide: August 2026 Updates & Visa Rules,2026-08-01-chinabound-travel-guide-2026-08-monthly-update.md,L76,HIGH,绝对化/无依据描述: 'best'；补充来源或弱化语气,yes
cbt-cfd5d7b39f09,Chinese Language Survival Phrases Guide 2026,2026-08-03-chinese-language-survival-phrases-guide.md,L12,HIGH,绝对化/无依据描述: 'the only'；补充来源或弱化语气,yes
cbt-cfd5d7b39f09,Chinese Language Survival Phrases Guide 2026,2026-08-03-chinese-language-survival-phrases-guide.md,L111,HIGH,绝对化/无依据描述: 'always'；补充来源或弱化语气,yes
cbt-cfd5d7b39f09,Chinese Language Survival Phrases Guide 2026,2026-08-03-chinese-language-survival-phrases-guide.md,L145,HIGH,绝对化/无依据描述: 'always'；补充来源或弱化语气,yes
cbt-cfd5d7b39f09,Chinese Language Survival Phrases Guide 2026,2026-08-03-chinese-language-survival-phrases-guide.md,L151,HIGH,绝对化/无依据描述: 'never'；补充来源或弱化语气,yes
cbt-cfd5d7b39f09,Chinese Language Survival Phrases Guide 2026,2026-08-03-chinese-language-survival-phrases-guide.md,L153,HIGH,绝对化/无依据描述: 'best'；补充来源或弱化语气,yes
cbt-cfd5d7b39f09,Chinese Language Survival Phrases Guide 2026,2026-08-03-chinese-language-survival-phrases-guide.md,L166,HIGH,绝对化/无依据描述: 'Best'；补充来源或弱化语气,yes
cbt-cfd5d7b39f09,Chinese Language Survival Phrases Guide 2026,2026-08-03-chinese-language-survival-phrases-guide.md,L178,HIGH,绝对化/无依据描述: 'Best'；补充来源或弱化语气,yes
cbt-cfd5d7b39f09,Chinese Language Survival Phrases Guide 2026,2026-08-03-chinese-language-survival-phrases-guide.md,L180,HIGH,绝对化/无依据描述: 'best'；补充来源或弱化语气,yes
cbt-49088019c529,China Family Travel Tips: Guide & Mistakes to Avoid,2026-08-05-china-family-travel-tips-a-californians-guide.md,L62,HIGH,绝对化/无依据描述: 'best'；补充来源或弱化语气,yes
cbt-49088019c529,China Family Travel Tips: Guide & Mistakes to Avoid,2026-08-05-china-family-travel-tips-a-californians-guide.md,L87,HIGH,绝对化/无依据描述: 'always'；补充来源或弱化语气,yes
cbt-74e8424894c4,China Bargaining Guide: How to Haggle & Shop,2026-08-07-china-bargaining-and-shopping-guide.md,L50,HIGH,绝对化/无依据描述: 'best'；补充来源或弱化语气,yes
cbt-74e8424894c4,China Bargaining Guide: How to Haggle & Shop,2026-08-07-china-bargaining-and-shopping-guide.md,L71,HIGH,绝对化/无依据描述: 'always'；补充来源或弱化语气,yes
cbt-74e8424894c4,China Bargaining Guide: How to Haggle & Shop,2026-08-07-china-bargaining-and-shopping-guide.md,L154,HIGH,绝对化/无依据描述: 'Best'；补充来源或弱化语气,yes
cbt-74e8424894c4,China Bargaining Guide: How to Haggle & Shop,2026-08-07-china-bargaining-and-shopping-guide.md,L154,HIGH,绝对化/无依据描述: 'best'；补充来源或弱化语气,yes
cbt-74e8424894c4,China Bargaining Guide: How to Haggle & Shop,2026-08-07-china-bargaining-and-shopping-guide.md,L100,HIGH,无来源数据: '1000 yuan'；标注来源或移除,no
cbt-932a277b1899,China Packing List 2026: What to Bring — 2026 Packing Essentials for International Travelers,2026-08-09-china-packing-list-2026-what-to-bring-and-what-to-leave-at-home.md,L21,HIGH,绝对化/无依据描述: 'best'；补充来源或弱化语气,yes
cbt-932a277b1899,China Packing List 2026: What to Bring — 2026 Packing Essentials for International Travelers,2026-08-09-china-packing-list-2026-what-to-bring-and-what-to-leave-at-home.md,L44,HIGH,绝对化/无依据描述: 'never'；补充来源或弱化语气,yes
cbt-932a277b1899,China Packing List 2026: What to Bring — 2026 Packing Essentials for International Travelers,2026-08-09-china-packing-list-2026-what-to-bring-and-what-to-leave-at-home.md,L86,HIGH,绝对化/无依据描述: 'best'；补充来源或弱化语气,yes
cbt-932a277b1899,China Packing List 2026: What to Bring — 2026 Packing Essentials for International Travelers,2026-08-09-china-packing-list-2026-what-to-bring-and-what-to-leave-at-home.md,L86,HIGH,绝对化/无依据描述: 'always'；补充来源或弱化语气,yes
cbt-932a277b1899,China Packing List 2026: What to Bring — 2026 Packing Essentials for International Travelers,2026-08-09-china-packing-list-2026-what-to-bring-and-what-to-leave-at-home.md,L91,HIGH,绝对化/无依据描述: 'Best'；补充来源或弱化语气,yes
cbt-067675763415,How Chinese Food Evolved: 2 Million Years of History,2026-08-10-chinas-food-through-the-ages-guide.md,L61,HIGH,绝对化/无依据描述: 'best'；补充来源或弱化语气,yes
cbt-067675763415,How Chinese Food Evolved: 2 Million Years of History,2026-08-10-chinas-food-through-the-ages-guide.md,L70,HIGH,绝对化/无依据描述: 'never'；补充来源或弱化语气,yes
cbt-067675763415,How Chinese Food Evolved: 2 Million Years of History,2026-08-10-chinas-food-through-the-ages-guide.md,L29,HIGH,"无来源数据: '20,'；标注来源或移除",no
cbt-067675763415,How Chinese Food Evolved: 2 Million Years of History,2026-08-10-chinas-food-through-the-ages-guide.md,L29,HIGH,"无来源数据: '10,'；标注来源或移除",no
cbt-067675763415,How Chinese Food Evolved: 2 Million Years of History,2026-08-10-chinas-food-through-the-ages-guide.md,L71,HIGH,"无来源数据: '10,'；标注来源或移除",no
cbt-bc3e1afe5dc0,Shanghai Vs Beijing: Which Chinese City Should You Visit First? Guide,2026-08-10-shanghai-vs-beijing-which-chinese-city-should-you-visit-first-guide.md,L39,HIGH,绝对化/无依据描述: 'best'；补充来源或弱化语气,yes
cbt-bc3e1afe5dc0,Shanghai Vs Beijing: Which Chinese City Should You Visit First? Guide,2026-08-10-shanghai-vs-beijing-which-chinese-city-should-you-visit-first-guide.md,L72,HIGH,绝对化/无依据描述: 'best'；补充来源或弱化语气,yes
cbt-bc3e1afe5dc0,Shanghai Vs Beijing: Which Chinese City Should You Visit First? Guide,2026-08-10-shanghai-vs-beijing-which-chinese-city-should-you-visit-first-guide.md,L82,HIGH,绝对化/无依据描述: 'best'；补充来源或弱化语气,yes
cbt-bc3e1afe5dc0,Shanghai Vs Beijing: Which Chinese City Should You Visit First? Guide,2026-08-10-shanghai-vs-beijing-which-chinese-city-should-you-visit-first-guide.md,L82,HIGH,绝对化/无依据描述: 'best'；补充来源或弱化语气,yes
cbt-bc3e1afe5dc0,Shanghai Vs Beijing: Which Chinese City Should You Visit First? Guide,2026-08-10-shanghai-vs-beijing-which-chinese-city-should-you-visit-first-guide.md,L93,HIGH,绝对化/无依据描述: 'Best'；补充来源或弱化语气,yes
cbt-bc3e1afe5dc0,Shanghai Vs Beijing: Which Chinese City Should You Visit First? Guide,2026-08-10-shanghai-vs-beijing-which-chinese-city-should-you-visit-first-guide.md,L93,HIGH,绝对化/无依据描述: 'best'；补充来源或弱化语气,yes
cbt-034b43ef5e3a,Chinese Tea Culture: Where to Experience Authentic Teahouses,2026-08-11-chinese-tea-culture-where-to-experience-authentic-teahouses.md,L32,HIGH,绝对化/无依据描述: 'best'；补充来源或弱化语气,yes
cbt-034b43ef5e3a,Chinese Tea Culture: Where to Experience Authentic Teahouses,2026-08-11-chinese-tea-culture-where-to-experience-authentic-teahouses.md,L76,HIGH,绝对化/无依据描述: 'best'；补充来源或弱化语气,yes
cbt-034b43ef5e3a,Chinese Tea Culture: Where to Experience Authentic Teahouses,2026-08-11-chinese-tea-culture-where-to-experience-authentic-teahouses.md,L123,HIGH,绝对化/无依据描述: 'best'；补充来源或弱化语气,yes
cbt-034b43ef5e3a,Chinese Tea Culture: Where to Experience Authentic Teahouses,2026-08-11-chinese-tea-culture-where-to-experience-authentic-teahouses.md,L126,HIGH,绝对化/无依据描述: 'always'；补充来源或弱化语气,yes
cbt-034b43ef5e3a,Chinese Tea Culture: Where to Experience Authentic Teahouses,2026-08-11-chinese-tea-culture-where-to-experience-authentic-teahouses.md,L129,HIGH,绝对化/无依据描述: 'Best'；补充来源或弱化语气,yes
cbt-034b43ef5e3a,Chinese Tea Culture: Where to Experience Authentic Teahouses,2026-08-11-chinese-tea-culture-where-to-experience-authentic-teahouses.md,L129,HIGH,绝对化/无依据描述: 'best'；补充来源或弱化语气,yes
cbt-0bb1cb1e308d,"China National Parks: Zhangjiajie, Jiuzhaigou, And Beyond Guide",2026-08-12-china-national-parks-zhangjiajie-jiuzhaigou-and-beyond-guide.md,L18,HIGH,绝对化/无依据描述: 'best'；补充来源或弱化语气,yes
cbt-0bb1cb1e308d,"China National Parks: Zhangjiajie, Jiuzhaigou, And Beyond Guide",2026-08-12-china-national-parks-zhangjiajie-jiuzhaigou-and-beyond-guide.md,L44,HIGH,绝对化/无依据描述: 'best'；补充来源或弱化语气,yes
cbt-0bb1cb1e308d,"China National Parks: Zhangjiajie, Jiuzhaigou, And Beyond Guide",2026-08-12-china-national-parks-zhangjiajie-jiuzhaigou-and-beyond-guide.md,L55,HIGH,绝对化/无依据描述: 'never'；补充来源或弱化语气,yes
cbt-0bb1cb1e308d,"China National Parks: Zhangjiajie, Jiuzhaigou, And Beyond Guide",2026-08-12-china-national-parks-zhangjiajie-jiuzhaigou-and-beyond-guide.md,L55,HIGH,绝对化/无依据描述: 'best'；补充来源或弱化语气,yes
cbt-0bb1cb1e308d,"China National Parks: Zhangjiajie, Jiuzhaigou, And Beyond Guide",2026-08-12-china-national-parks-zhangjiajie-jiuzhaigou-and-beyond-guide.md,L55,HIGH,绝对化/无依据描述: 'best'；补充来源或弱化语气,yes
cbt-0bb1cb1e308d,"China National Parks: Zhangjiajie, Jiuzhaigou, And Beyond Guide",2026-08-12-china-national-parks-zhangjiajie-jiuzhaigou-and-beyond-guide.md,L64,HIGH,绝对化/无依据描述: 'best'；补充来源或弱化语气,yes
cbt-0bb1cb1e308d,"China National Parks: Zhangjiajie, Jiuzhaigou, And Beyond Guide",2026-08-12-china-national-parks-zhangjiajie-jiuzhaigou-and-beyond-guide.md,L44,HIGH,无来源数据: '8 km'；标注来源或移除,no
cbt-0adceab18b53,Alipay for Foreigners in China: Setup Guide and Payment Tips (2026) — Foreigners Payment Setup,alipay-for-foreigners-guide.md,L23,HIGH,绝对化/无依据描述: 'the only'；补充来源或弱化语气,yes
cbt-0adceab18b53,Alipay for Foreigners in China: Setup Guide and Payment Tips (2026) — Foreigners Payment Setup,alipay-for-foreigners-guide.md,L135,HIGH,绝对化/无依据描述: 'Best'；补充来源或弱化语气,yes
cbt-07563e9b51cc,How to Use Alipay & WeChat Pay in China (2026),alipay-wechat-pay-foreigners-guide.md,L87,HIGH,绝对化/无依据描述: 'Best'；补充来源或弱化语气,yes
cbt-07563e9b51cc,How to Use Alipay & WeChat Pay in China (2026),alipay-wechat-pay-foreigners-guide.md,L89,HIGH,绝对化/无依据描述: 'Never'；补充来源或弱化语气,yes
cbt-07563e9b51cc,How to Use Alipay & WeChat Pay in China (2026),alipay-wechat-pay-foreigners-guide.md,L108,HIGH,绝对化/无依据描述: 'Always'；补充来源或弱化语气,yes
cbt-07563e9b51cc,How to Use Alipay & WeChat Pay in China (2026),alipay-wechat-pay-foreigners-guide.md,L137,HIGH,绝对化/无依据描述: 'best'；补充来源或弱化语气,yes
cbt-07563e9b51cc,How to Use Alipay & WeChat Pay in China (2026),alipay-wechat-pay-foreigners-guide.md,L146,HIGH,绝对化/无依据描述: 'always'；补充来源或弱化语气,yes
cbt-07563e9b51cc,How to Use Alipay & WeChat Pay in China (2026),alipay-wechat-pay-foreigners-guide.md,L148,HIGH,绝对化/无依据描述: 'Always'；补充来源或弱化语气,yes
cbt-07563e9b51cc,How to Use Alipay & WeChat Pay in China (2026),alipay-wechat-pay-foreigners-guide.md,L153,HIGH,绝对化/无依据描述: 'Best'；补充来源或弱化语气,yes
cbt-07563e9b51cc,How to Use Alipay & WeChat Pay in China (2026),alipay-wechat-pay-foreigners-guide.md,L180,HIGH,绝对化/无依据描述: 'Best'；补充来源或弱化语气,yes
cbt-d701fb08eb7b,Best Travel Insurance for China 2026,best-travel-insurance-china.md,L4,HIGH,绝对化/无依据描述: 'never'；补充来源或弱化语气,yes
cbt-d701fb08eb7b,Best Travel Insurance for China 2026,best-travel-insurance-china.md,L20,HIGH,绝对化/无依据描述: 'best'；补充来源或弱化语气,yes
cbt-d701fb08eb7b,Best Travel Insurance for China 2026,best-travel-insurance-china.md,L31,HIGH,绝对化/无依据描述: 'best'；补充来源或弱化语气,yes
cbt-d701fb08eb7b,Best Travel Insurance for China 2026,best-travel-insurance-china.md,L33,HIGH,绝对化/无依据描述: 'best'；补充来源或弱化语气,yes
cbt-d701fb08eb7b,Best Travel Insurance for China 2026,best-travel-insurance-china.md,L75,HIGH,绝对化/无依据描述: 'Best'；补充来源或弱化语气,yes
cbt-d701fb08eb7b,Best Travel Insurance for China 2026,best-travel-insurance-china.md,L81,HIGH,绝对化/无依据描述: 'Best'；补充来源或弱化语气,yes
cbt-d701fb08eb7b,Best Travel Insurance for China 2026,best-travel-insurance-china.md,L107,HIGH,绝对化/无依据描述: 'Never'；补充来源或弱化语气,yes
cbt-d701fb08eb7b,Best Travel Insurance for China 2026,best-travel-insurance-china.md,L109,HIGH,绝对化/无依据描述: 'Best'；补充来源或弱化语气,yes
cbt-02a3e0d6ed4f,China Airport Transfer Guide (2026): From Airports to City Centers,china-airport-transfer-guide.md,L20,HIGH,绝对化/无依据描述: 'best'；补充来源或弱化语气,yes
cbt-02a3e0d6ed4f,China Airport Transfer Guide (2026): From Airports to City Centers,china-airport-transfer-guide.md,L25,HIGH,绝对化/无依据描述: 'cheapest'；补充来源或弱化语气,yes
cbt-02a3e0d6ed4f,China Airport Transfer Guide (2026): From Airports to City Centers,china-airport-transfer-guide.md,L33,HIGH,绝对化/无依据描述: 'Best'；补充来源或弱化语气,yes
cbt-02a3e0d6ed4f,China Airport Transfer Guide (2026): From Airports to City Centers,china-airport-transfer-guide.md,L51,HIGH,绝对化/无依据描述: 'cheapest'；补充来源或弱化语气,yes
cbt-02a3e0d6ed4f,China Airport Transfer Guide (2026): From Airports to City Centers,china-airport-transfer-guide.md,L92,HIGH,绝对化/无依据描述: 'Best'；补充来源或弱化语气,yes
cbt-244822dc113b,China,china-extends-144-hour-visa-free-transit-policy-to-more-countries.md,L61,HIGH,绝对化/无依据描述: 'always'；补充来源或弱化语气,yes
cbt-244822dc113b,China,china-extends-144-hour-visa-free-transit-policy-to-more-countries.md,L62,HIGH,绝对化/无依据描述: 'best'；补充来源或弱化语气,yes
cbt-244822dc113b,China,china-extends-144-hour-visa-free-transit-policy-to-more-countries.md,L63,HIGH,绝对化/无依据描述: 'best'；补充来源或弱化语气,yes
cbt-244822dc113b,China,china-extends-144-hour-visa-free-transit-policy-to-more-countries.md,L87,HIGH,绝对化/无依据描述: 'best'；补充来源或弱化语气,yes
cbt-244822dc113b,China,china-extends-144-hour-visa-free-transit-policy-to-more-countries.md,L99,HIGH,绝对化/无依据描述: 'Always'；补充来源或弱化语气,yes
cbt-244822dc113b,China,china-extends-144-hour-visa-free-transit-policy-to-more-countries.md,L103,HIGH,绝对化/无依据描述: 'always'；补充来源或弱化语气,yes
cbt-244822dc113b,China,china-extends-144-hour-visa-free-transit-policy-to-more-countries.md,L109,HIGH,绝对化/无依据描述: 'always'；补充来源或弱化语气,yes
cbt-244822dc113b,China,china-extends-144-hour-visa-free-transit-policy-to-more-countries.md,L149,HIGH,绝对化/无依据描述: 'best'；补充来源或弱化语气,yes
cbt-55aef784e6aa,"China Transportation Card Guide (2026): Metro Cards, Transit Apps & Payment Options for Foreign Travelers",china-transportation-card-guide.md,L26,HIGH,绝对化/无依据描述: 'Best'；补充来源或弱化语气,yes
cbt-55aef784e6aa,"China Transportation Card Guide (2026): Metro Cards, Transit Apps & Payment Options for Foreign Travelers",china-transportation-card-guide.md,L82,HIGH,绝对化/无依据描述: 'Best'；补充来源或弱化语气,yes
cbt-55aef784e6aa,"China Transportation Card Guide (2026): Metro Cards, Transit Apps & Payment Options for Foreign Travelers",china-transportation-card-guide.md,L113,HIGH,绝对化/无依据描述: 'guaranteed'；补充来源或弱化语气,yes
cbt-a349eee78670,Internet in China: eSIM vs SIM vs VPN (2026) — Foreigners Payment Setup,internet-connection-china-esim-vpn-guide.md,L57,HIGH,绝对化/无依据描述: 'Best'；补充来源或弱化语气,yes
cbt-a349eee78670,Internet in China: eSIM vs SIM vs VPN (2026) — Foreigners Payment Setup,internet-connection-china-esim-vpn-guide.md,L119,HIGH,绝对化/无依据描述: 'Best'；补充来源或弱化语气,yes
cbt-a349eee78670,Internet in China: eSIM vs SIM vs VPN (2026) — Foreigners Payment Setup,internet-connection-china-esim-vpn-guide.md,L125,HIGH,绝对化/无依据描述: 'guarantee'；补充来源或弱化语气,yes
cbt-a349eee78670,Internet in China: eSIM vs SIM vs VPN (2026) — Foreigners Payment Setup,internet-connection-china-esim-vpn-guide.md,L136,HIGH,绝对化/无依据描述: 'best'；补充来源或弱化语气,yes
cbt-a349eee78670,Internet in China: eSIM vs SIM vs VPN (2026) — Foreigners Payment Setup,internet-connection-china-esim-vpn-guide.md,L157,HIGH,绝对化/无依据描述: 'Best'；补充来源或弱化语气,yes
cbt-a349eee78670,Internet in China: eSIM vs SIM vs VPN (2026) — Foreigners Payment Setup,internet-connection-china-esim-vpn-guide.md,L165,HIGH,绝对化/无依据描述: 'Best'；补充来源或弱化语气,yes
cbt-a349eee78670,Internet in China: eSIM vs SIM vs VPN (2026) — Foreigners Payment Setup,internet-connection-china-esim-vpn-guide.md,L167,HIGH,绝对化/无依据描述: 'Best'；补充来源或弱化语气,yes
cbt-a349eee78670,Internet in China: eSIM vs SIM vs VPN (2026) — Foreigners Payment Setup,internet-connection-china-esim-vpn-guide.md,L168,HIGH,绝对化/无依据描述: 'best'；补充来源或弱化语气,yes
cbt-80f6c218ad94,Western Sichuan Overland Camping Route: 7 Days,western-sichuan-overland-camping-route.md,L14,HIGH,绝对化/无依据描述: 'best'；补充来源或弱化语气,yes
cbt-80f6c218ad94,Western Sichuan Overland Camping Route: 7 Days,western-sichuan-overland-camping-route.md,L56,HIGH,绝对化/无依据描述: 'best'；补充来源或弱化语气,yes
cbt-80f6c218ad94,Western Sichuan Overland Camping Route: 7 Days,western-sichuan-overland-camping-route.md,L121,HIGH,绝对化/无依据描述: 'definitely'；补充来源或弱化语气,yes
cbt-80f6c218ad94,Western Sichuan Overland Camping Route: 7 Days,western-sichuan-overland-camping-route.md,L154,HIGH,绝对化/无依据描述: 'Best'；补充来源或弱化语气,yes
cbt-80f6c218ad94,Western Sichuan Overland Camping Route: 7 Days,western-sichuan-overland-camping-route.md,L154,HIGH,绝对化/无依据描述: 'best'；补充来源或弱化语气,yes
cbt-80f6c218ad94,Western Sichuan Overland Camping Route: 7 Days,western-sichuan-overland-camping-route.md,L166,HIGH,绝对化/无依据描述: 'best'；补充来源或弱化语气,yes
cbt-80f6c218ad94,Western Sichuan Overland Camping Route: 7 Days,western-sichuan-overland-camping-route.md,L29,HIGH,"无来源数据: '20,'；标注来源或移除",no
cbt-80f6c218ad94,Western Sichuan Overland Camping Route: 7 Days,western-sichuan-overland-camping-route.md,L40,HIGH,无来源数据: '280km'；标注来源或移除,no
