content_id,file,issue_type,before,after,rule,evidence_status,action,validation_status
cbt-244822dc113b,china-extends-144-hour-visa-free-transit-policy-to-more-countries.md,formatting_error,H2 heading contained NUL bytes (\x00P0\x00) and read 'China Extends P0-free Transit Policy',H2 heading restored to 'China Extends 144-Hour Visa-Free Transit Policy to More Countries',AUTO_FIX: formatting error / binary corruption,NO_VERIFIED_SOURCE,AUTO_FIX,PASS
cbt-244822dc113b,china-extends-144-hour-visa-free-transit-policy-to-more-countries.md,formatting_error,Malformed markdown link: 'The National Immigrat[144-hour visa](/posts/144-hour-visa-free-transit-guide/)ation',Link syntax repaired; anchor moved to separate sentence after 'National Immigration Administration',AUTO_FIX: formatting error / malformed markdown,NO_VERIFIED_SOURCE,AUTO_FIX,PASS
cbt-244822dc113b,china-extends-144-hour-visa-free-transit-policy-to-more-countries.md,brand_persona,'Let's be clear: this is a game-changer! Long-time China travelers remember...',Editorial phrasing: 'Travelers who have followed China's visa policies over the years have seen a significant shift...',AUTO_FIX: legacy conversational persona wording,NO_VERIFIED_SOURCE,AUTO_FIX,PASS
cbt-707a8899c0a7,2026-05-22-how-to-use-wechat-pay-as-a-foreigner.md,formatting_error,"Malformed shortcode: ({[esim](/posts/internet-connection-china-esim-vpn-guide/)ooking-link ""Book Hotels"" />}})","Correct shortcode: ({{< booking-link ""Book Hotels"" />}})",AUTO_FIX: formatting error / malformed shortcode,NO_VERIFIED_SOURCE,AUTO_FIX,PASS
cbt-707a8899c0a7,2026-05-22-how-to-use-wechat-pay-as-a-foreigner.md,formatting_error,'generally not recommended share your payment QR code publicly... often check the merchant's name','Don't share your payment QR code publicly... Always check the merchant's name',AUTO_FIX: formatting / broken instruction wording,NO_VERIFIED_SOURCE,AUTO_FIX,PASS
cbt-80f6c218ad94,western-sichuan-overland-camping-route.md,brand_persona,'But let's be real - this isn't a trip for the faint of heart.','This isn't a trip for the faint of heart.',AUTO_FIX: legacy conversational persona wording,NO_VERIFIED_SOURCE,AUTO_FIX,PASS
cbt-80f6c218ad94,western-sichuan-overland-camping-route.md,brand_persona,"'I cannot stress this enough. We're talking 3,000-4,500 meters here.'","'This is essential. The route sits at 3,000-4,500 meters.'",AUTO_FIX: fabricated first-person voice,NO_VERIFIED_SOURCE,AUTO_FIX,PASS
cbt-80f6c218ad94,western-sichuan-overland-camping-route.md,formatting_error,'Luding Bridge (Luding Bridge)' duplicated parenthetical,'Luding Bridge',AUTO_FIX: formatting error / duplicated label,NO_VERIFIED_SOURCE,AUTO_FIX,PASS
cbt-80f6c218ad94,western-sichuan-overland-camping-route.md,formatting_error,'and  worth a visit' double space,'and worth a visit',AUTO_FIX: formatting error / spacing,NO_VERIFIED_SOURCE,AUTO_FIX,PASS
cbt-80f6c218ad94,western-sichuan-overland-camping-route.md,ai_wording,'one of the popular views come after the hardest climbs','the best views come after the hardest climbs',SAFE_NORMALIZE: corrupted superlative replaced without new factual claim,NO_VERIFIED_SOURCE,SAFE_NORMALIZE,PASS
cbt-bf4ec5e57a07,2026-07-03-guilin-and-yangshuo-the-ultimate-karst-landscape-guide-for-2026-guide.md,ai_wording,'a popular For' table header,'Best For',SAFE_NORMALIZE: malformed superlative restored to best,NO_VERIFIED_SOURCE,SAFE_NORMALIZE,PASS
cbt-bf4ec5e57a07,2026-07-03-guilin-and-yangshuo-the-ultimate-karst-landscape-guide-for-2026-guide.md,ai_wording,'Second-a popular overall','Second-best overall',SAFE_NORMALIZE: malformed superlative restored to best,NO_VERIFIED_SOURCE,SAFE_NORMALIZE,PASS
cbt-bf4ec5e57a07,2026-07-03-guilin-and-yangshuo-the-ultimate-karst-landscape-guide-for-2026-guide.md,ai_wording,'September and October are one of the popular balance of weather','September and October offer the best balance of weather',SAFE_NORMALIZE: malformed superlative restored to best,NO_VERIFIED_SOURCE,SAFE_NORMALIZE,PASS
cbt-bf4ec5e57a07,2026-07-03-guilin-and-yangshuo-the-ultimate-karst-landscape-guide-for-2026-guide.md,ai_wording,'a popular versions are at the smaller restaurants' (Beer Fish),'The best versions are at the smaller restaurants',SAFE_NORMALIZE: malformed superlative restored to best,NO_VERIFIED_SOURCE,SAFE_NORMALIZE,PASS
cbt-bf4ec5e57a07,2026-07-03-guilin-and-yangshuo-the-ultimate-karst-landscape-guide-for-2026-guide.md,ai_wording,'That's your a popular ¥15 (~€1.90) spent all day','That's a well-spent ¥15 (~€1.90) for the whole day',"SAFE_NORMALIZE: malformed superlative removed, meaning preserved",NO_VERIFIED_SOURCE,SAFE_NORMALIZE,PASS
cbt-bf4ec5e57a07,2026-07-03-guilin-and-yangshuo-the-ultimate-karst-landscape-guide-for-2026-guide.md,ai_wording,'High-speed train is one of the popular option for most travelers','High-speed train is the best option for most travelers',SAFE_NORMALIZE: malformed superlative restored to best,NO_VERIFIED_SOURCE,SAFE_NORMALIZE,PASS
cbt-bf4ec5e57a07,2026-07-03-guilin-and-yangshuo-the-ultimate-karst-landscape-guide-for-2026-guide.md,ai_wording,'This is the single a popular transport decision you can make','This is the single best transport decision you can make',SAFE_NORMALIZE: malformed superlative restored to best,NO_VERIFIED_SOURCE,SAFE_NORMALIZE,PASS
cbt-bf4ec5e57a07,2026-07-03-guilin-and-yangshuo-the-ultimate-karst-landscape-guide-for-2026-guide.md,fact_risk,"20 RMB banknote reference, Li River prices, schedule details retained",Unchanged,FACT_CHECK_REQUIRED: price/schedule/availability claims need official source,NO_VERIFIED_SOURCE,FACT_CHECK_REQUIRED,PASS
cbt-34777b6c17c1,2026-06-30-zhangjiajie-avatar-mountains-complete-guide-to-chinas-most-spectacular-park.md,brand_persona,'As travelers who've lived in Chengdu for over 5 years... we went into Zhangjiajie fully expecting another overhyped tourist trap. We were wrong.','Many travelers arrive at Zhangjiajie expecting another overhyped tourist trap and are surprised by how spectacular the landscape is.',AUTO_FIX: fabricated first-person experience removed,NO_VERIFIED_SOURCE,AUTO_FIX,PASS
cbt-34777b6c17c1,2026-06-30-zhangjiajie-avatar-mountains-complete-guide-to-chinas-most-spectacular-park.md,brand_persona,'This guide is everything we wish we'd known before going. We've packed it with... the exact 4-day route that worked for us',"'This guide packs in real ticket prices (updated for 2026), a practical 4-day route...'",AUTO_FIX: fabricated first-person experience removed,NO_VERIFIED_SOURCE,AUTO_FIX,PASS
cbt-34777b6c17c1,2026-06-30-zhangjiajie-avatar-mountains-complete-guide-to-chinas-most-spectacular-park.md,brand_persona,'We flew Chengdu → Zhangjiajie for about ¥600 (~$85) one way.','A typical one-way fare from Chengdu is about ¥600 (~$85).',AUTO_FIX: fabricated first-person experience removed,NO_VERIFIED_SOURCE,AUTO_FIX,PASS
cbt-34777b6c17c1,2026-06-30-zhangjiajie-avatar-mountains-complete-guide-to-chinas-most-spectacular-park.md,brand_persona,'This is the route we followed after talking to a local guide at our hotel.','This route is designed to maximize your time and avoid backtracking.',AUTO_FIX: fabricated local-guide interaction removed,NO_VERIFIED_SOURCE,AUTO_FIX,PASS
cbt-34777b6c17c1,2026-06-30-zhangjiajie-avatar-mountains-complete-guide-to-chinas-most-spectacular-park.md,brand_persona,'We arrived at 7:15 and had the platform to ourselves for 15 magical minutes','Arriving at 7:15 AM means having the platform almost to yourself.',AUTO_FIX: fabricated first-person experience removed,NO_VERIFIED_SOURCE,AUTO_FIX,PASS
cbt-34777b6c17c1,2026-06-30-zhangjiajie-avatar-mountains-complete-guide-to-chinas-most-spectacular-park.md,brand_persona,"'If you're exhausted (we were), spend the morning...'","'If you need a rest day, spend the morning...'",AUTO_FIX: fabricated first-person experience removed,NO_VERIFIED_SOURCE,AUTO_FIX,PASS
cbt-34777b6c17c1,2026-06-30-zhangjiajie-avatar-mountains-complete-guide-to-chinas-most-spectacular-park.md,brand_persona,'Our favorite was a tiny spot near Wulingyuan bus station that charged ¥38 (~$5) for a massive pot.',"'A popular choice is a small restaurant near Wulingyuan bus station, where a generous pot costs around ¥38 (~$5).'",AUTO_FIX: fabricated personal favorite removed,NO_VERIFIED_SOURCE,AUTO_FIX,PASS
cbt-34777b6c17c1,2026-06-30-zhangjiajie-avatar-mountains-complete-guide-to-chinas-most-spectacular-park.md,brand_persona,"'We hired one through our hotel for ¥300/day (~$42), and she was incredible...'",'Guides booked through your hotel cost around ¥300/day (~$42) and can help you avoid tour groups.',AUTO_FIX: fabricated local-guide experience removed,NO_VERIFIED_SOURCE,AUTO_FIX,PASS
cbt-34777b6c17c1,2026-06-30-zhangjiajie-avatar-mountains-complete-guide-to-chinas-most-spectacular-park.md,brand_persona,"'Based on what we actually spent (2 people, mid-range):'",'Based on typical mid-range spending for two people:',AUTO_FIX: fabricated spending claim removed,NO_VERIFIED_SOURCE,AUTO_FIX,PASS
cbt-34777b6c17c1,2026-06-30-zhangjiajie-avatar-mountains-complete-guide-to-chinas-most-spectacular-park.md,brand_persona,'We've seen travelers in flip-flops... They were in tears 10 minutes later.',"'The stone steps are uneven, often wet, and occasionally sheer drops. Trail runners or lightweight hiking shoes are ideal.'",AUTO_FIX: fabricated anecdotal observation removed,NO_VERIFIED_SOURCE,AUTO_FIX,PASS
cbt-34777b6c17c1,2026-06-30-zhangjiajie-avatar-mountains-complete-guide-to-chinas-most-spectacular-park.md,ai_wording,'one of the popular possible way' / 'a popular weather overall' / 'spotty at a popular' / 'one of the popular possible way','in the best possible way' / 'Best overall weather' / 'spotty at best' / 'in the best possible way',SAFE_NORMALIZE: corrupted superlatives restored to best,NO_VERIFIED_SOURCE,SAFE_NORMALIZE,PASS
cbt-34777b6c17c1,2026-06-30-zhangjiajie-avatar-mountains-complete-guide-to-chinas-most-spectacular-park.md,brand_persona,'Travelers have reported seeing someone trip... and need a helicopter evacuation.',"'Injuries happen, and rescue in a remote park can be expensive.'",AUTO_FIX: fabricated incident report removed,NO_VERIFIED_SOURCE,AUTO_FIX,PASS
cbt-34777b6c17c1,2026-06-30-zhangjiajie-avatar-mountains-complete-guide-to-chinas-most-spectacular-park.md,fact_risk,"Ticket prices, distances, travel times, and cable car records retained",Unchanged,FACT_CHECK_REQUIRED: numerical claims need official source,NO_VERIFIED_SOURCE,FACT_CHECK_REQUIRED,PASS
cbt-baa2f6fba2f0,2026-07-27-accommodation-tips-guide.md,brand_persona,"'Based on extensive research and aggregated traveler feedback from over 10 years of covering China travel, we've had our fair share of experiences...'","'Based on extensive research and aggregated traveler feedback, this guide shares practical tips...'",AUTO_FIX: fabricated tenure/personal experience removed,NO_VERIFIED_SOURCE,AUTO_FIX,PASS
cbt-baa2f6fba2f0,2026-07-27-accommodation-tips-guide.md,ai_wording,'it's a popular to book in advance' / 'it's a popular to start early','it's best to book in advance' / 'it's best to start early',SAFE_NORMALIZE: corrupted superlative restored to best,NO_VERIFIED_SOURCE,SAFE_NORMALIZE,PASS
cbt-baa2f6fba2f0,2026-07-27-accommodation-tips-guide.md,ai_wording,'one of the popular possible rate','the best possible rate',SAFE_NORMALIZE: corrupted superlative restored to best,NO_VERIFIED_SOURCE,SAFE_NORMALIZE,PASS
cbt-baa2f6fba2f0,2026-07-27-accommodation-tips-guide.md,ai_wording,'a popular deals on flights to China' (affiliate table),'Popular deals on flights to China',SAFE_NORMALIZE: corrupted wording removed,NO_VERIFIED_SOURCE,SAFE_NORMALIZE,PASS
cbt-baa2f6fba2f0,2026-07-27-accommodation-tips-guide.md,fact_risk,"Visa, price ranges, and availability claims retained",Unchanged,FACT_CHECK_REQUIRED: policy/price claims need official source,NO_VERIFIED_SOURCE,FACT_CHECK_REQUIRED,PASS
cbt-550a6e3e929c,2026-06-23-sichuan-hotpot-guide-history-best-restaurants-and-cultural-significance.md,ai_wording,"'the history, a popular restaurants, and cultural significance'","'the history, popular restaurants, and cultural significance'",SAFE_NORMALIZE: corrupted article removed,NO_VERIFIED_SOURCE,SAFE_NORMALIZE,PASS
cbt-550a6e3e929c,2026-06-23-sichuan-hotpot-guide-history-best-restaurants-and-cultural-significance.md,ai_wording,"'Now, let's talk about one of the popular-known restaurants...'",'Two well-known restaurants stand out for Sichuan hotpot.',SAFE_NORMALIZE: corrupted superlative replaced without new factual claim,NO_VERIFIED_SOURCE,SAFE_NORMALIZE,PASS
cbt-550a6e3e929c,2026-06-23-sichuan-hotpot-guide-history-best-restaurants-and-cultural-significance.md,brand_persona,'regulars say it's worth it for the taste',Removed unverified local-quote claim,AUTO_FIX: invented local quote removed,NO_VERIFIED_SOURCE,AUTO_FIX,PASS
cbt-550a6e3e929c,2026-06-23-sichuan-hotpot-guide-history-best-restaurants-and-cultural-significance.md,ai_wording,'a popular deals on flights to China' (affiliate table),'Popular deals on flights to China',SAFE_NORMALIZE: corrupted wording removed,NO_VERIFIED_SOURCE,SAFE_NORMALIZE,PASS
cbt-302467d853db,2026-05-25-shanghai-bund-french-concession-2-day-guide.md,formatting_error,"Broken parentheticals: 'The Bund ()', 'Lujiazui (', 'Huaihai Middle Road ()', 'Xintiandi (Xintiandi', 'Tianzifang (Tianzifang', 'Ferguson Lane (Ferguson Lane', 'Dashijie (Dashijie', 'Yunnan Road (Yunnan Road', 'The French Concession ('",Malformed parentheticals removed; place labels restored,AUTO_FIX: formatting error / stripped placeholder text,NO_VERIFIED_SOURCE,AUTO_FIX,PASS
cbt-302467d853db,2026-05-25-shanghai-bund-french-concession-2-day-guide.md,formatting_error,'Shanghai Bund & French Concession  2-Day Deep Dive' and 'Day 1: The Bund Nanjing Road The Riverwalk',"'Shanghai Bund & French Concession 2-Day Deep Dive' and 'Day 1: The Bund, Nanjing Road, and the Riverwalk'",AUTO_FIX: formatting error / heading structure,NO_VERIFIED_SOURCE,AUTO_FIX,PASS
cbt-302467d853db,2026-05-25-shanghai-bund-french-concession-2-day-guide.md,brand_persona,"'Turns out, Shanghai said ""hold my beer"" and kept building upward.'",Removed informal meme phrasing,AUTO_FIX: editorial voice normalization,NO_VERIFIED_SOURCE,AUTO_FIX,PASS
cbt-302467d853db,2026-05-25-shanghai-bund-french-concession-2-day-guide.md,ai_wording,'For the *actual* a popular view of the Shanghai skyline','For one of the best views of the Shanghai skyline',SAFE_NORMALIZE: corrupted superlative restored to best,NO_VERIFIED_SOURCE,SAFE_NORMALIZE,PASS
cbt-302467d853db,2026-05-25-shanghai-bund-french-concession-2-day-guide.md,formatting_error,'they'd generally not recommended have ordered otherwise','that they wouldn't have ordered otherwise',AUTO_FIX: formatting / broken wording,NO_VERIFIED_SOURCE,AUTO_FIX,PASS
cbt-302467d853db,2026-05-25-shanghai-bund-french-concession-2-day-guide.md,formatting_error,'| **a popular time to visit** |' table header,'| **Best time to visit** |',AUTO_FIX: formatting / table header capitalization,NO_VERIFIED_SOURCE,AUTO_FIX,PASS
cbt-302467d853db,2026-05-25-shanghai-bund-french-concession-2-day-guide.md,formatting_error,'one of the real challenge is not spending all your money','The real challenge is not spending all your money',AUTO_FIX: formatting / broken sentence,NO_VERIFIED_SOURCE,AUTO_FIX,PASS
cbt-302467d853db,2026-05-25-shanghai-bund-french-concession-2-day-guide.md,fact_risk,"Metro fares, hotel prices, opening hours, and distance claims retained",Unchanged,FACT_CHECK_REQUIRED: price/schedule/distance claims need official source,NO_VERIFIED_SOURCE,FACT_CHECK_REQUIRED,PASS
cbt-cfd5d7b39f09,2026-08-03-chinese-language-survival-phrases-guide.md,formatting_error,'you're one of the one without subtitles','you're one of the few without subtitles',AUTO_FIX: formatting / broken wording,NO_VERIFIED_SOURCE,AUTO_FIX,PASS
cbt-cfd5d7b39f09,2026-08-03-chinese-language-survival-phrases-guide.md,formatting_error,'they almost often mean Mandarin','they usually mean Mandarin',AUTO_FIX: formatting / broken wording,NO_VERIFIED_SOURCE,AUTO_FIX,PASS
cbt-cfd5d7b39f09,2026-08-03-chinese-language-survival-phrases-guide.md,formatting_error,'generally not recommended argue with or correct a Chinese person in public','don't argue with or correct a Chinese person in public',AUTO_FIX: formatting / broken wording,NO_VERIFIED_SOURCE,AUTO_FIX,PASS
cbt-cfd5d7b39f09,2026-08-03-chinese-language-survival-phrases-guide.md,brand_persona,Fabricated interaction: 'The hotpot waitress who goes out of her way... The taxi driver who teaches you... The old man at the tea house...',Editorial generalization: 'A vendor may recommend a popular dish... A taxi driver might share local slang... An older traveler at a tea house...',AUTO_FIX: fabricated personal interactions removed,NO_VERIFIED_SOURCE,AUTO_FIX,PASS
cbt-cfd5d7b39f09,2026-08-03-chinese-language-survival-phrases-guide.md,ai_wording,'is the well-suited response','is the best response',SAFE_NORMALIZE: corrupted wording restored to best,NO_VERIFIED_SOURCE,SAFE_NORMALIZE,PASS
cbt-cfd5d7b39f09,2026-08-03-chinese-language-survival-phrases-guide.md,ai_wording,'a popular deals on flights to China' (affiliate table),'Popular deals on flights to China',SAFE_NORMALIZE: corrupted wording removed,NO_VERIFIED_SOURCE,SAFE_NORMALIZE,PASS
cbt-cfd5d7b39f09,2026-08-03-chinese-language-survival-phrases-guide.md,fact_risk,"1.3 billion speakers, 80,000 characters, 5,000-year history, 80+ phrase claims retained",Unchanged,FACT_CHECK_REQUIRED: numerical/historical claims need verified source,NO_VERIFIED_SOURCE,FACT_CHECK_REQUIRED,PASS
cbt-c59607760fee,2026-07-01-chinese-street-food-a-first-timers-guide-to-night-markets-and-street-stalls.md,ai_wording,'From one of the popular night markets to the must-try dishes','From the best night markets to the must-try dishes',SAFE_NORMALIZE: corrupted superlative restored to best,NO_VERIFIED_SOURCE,SAFE_NORMALIZE,PASS
cbt-c59607760fee,2026-07-01-chinese-street-food-a-first-timers-guide-to-night-markets-and-street-stalls.md,formatting_error,'a new favorite that you generally not recommended knew existed','a new favorite that you never knew existed',AUTO_FIX: formatting / broken wording,NO_VERIFIED_SOURCE,AUTO_FIX,PASS
cbt-c59607760fee,2026-07-01-chinese-street-food-a-first-timers-guide-to-night-markets-and-street-stalls.md,ai_wording,'exploring the street food is an absolute must','exploring the street food is a must',SAFE_NORMALIZE: unsupported absolute softened,NO_VERIFIED_SOURCE,SAFE_NORMALIZE,PASS
